observation,PC1,PC2,PC3,PC4,PC5
1,2.2304103466348413,1.978323520155419,-1.6369701605829274,-3.346577658769213,-0.4588065938858749
2,2.059528354801331,1.8146190056319869,-0.585119257834834,-2.39325775661536,-0.3844366324687688
3,2.257738433798369,1.7687211219420484,-2.075581248113836,-2.615992665608323,-0.6024783842671727
4,2.1790684566224225,2.0558849660781693,1.5236649743229735,-2.645189798631147,0.04219212099242126
5,2.0128626980584237,2.0841683145252694,1.2743062314259277,-3.2761099117397983,-0.22087325749604902
6,2.079960502728488,1.8097180638967991,-1.539631496761205,-2.6882180775886027,-0.4298499680249042
7,1.8157242680636112,2.0654534126746995,-1.6501608732510333,-4.176326251867492,-0.19260808644244187
8,2.1313770578370477,2.0103255087130796,-1.750932027829018,-3.706929869420812,-0.4681156432741493
9,2.215886431515332,2.1434284728692456,2.5223704550092334,-2.9516361379858287,0.06228359256290784
10,2.1172189517437,1.8957857939805944,-0.4137398431513302,-2.980463123919211,-0.32158350419352355
11,1.9079872097352715,1.7966168134575515,-1.8557375184337317,-3.0844109454324595,-0.2216151878933545
12,1.9277987564699322,1.839892885812181,-1.227854041249661,-3.3292600073706833,-0.08178274944231603
13,1.961826284814668,1.9795754737041866,-1.213440379579186,-3.064178723896058,-0.43331866817570286
14,2.1439971054568994,2.142570192281144,2.246660988621711,-2.988986602867004,-0.39888158896509485
15,2.162321741165013,2.2089277911707033,0.9876193531263033,-3.553179361362598,-0.26078773722132215
16,1.951614436511051,1.9936011334142218,0.4187588363150558,-3.0646419695912397,-0.24073828453968582
17,2.119426250028209,2.1069673720551663,1.5033401292605655,-3.1489018225711147,0.007482526124197824
18,2.0027819498875785,2.043238921673268,-0.8201015850628078,-3.361106615538655,-0.31595602444773097
19,2.0423555797148025,2.2349814410416244,1.781376109461844,-3.405337755385152,-0.11772699797055498
20,1.8833498102415402,1.8469132398990051,-0.9710320571083713,-2.6013675207700864,0.012989954023923975
21,2.107479042565945,2.3229358379088954,0.9773755229395693,-4.031386315782803,0.07509006987404054
22,2.1795154234365497,2.218630769595557,0.9030786186124525,-3.883371430706846,0.16142068994576492
23,2.0395738565965855,2.08009688476329,0.7920248695913542,-3.0901348735710936,-0.12153359107195628
24,1.9662765972408782,2.005086307014514,-0.46220248531511976,-3.1352801855975287,0.05197864732111276
25,2.1317721910501115,2.0263711133717113,1.2292904825910858,-2.4223835372768976,-0.21557483147036002
26,2.021753995503064,2.290081033053641,2.1602538782743976,-3.558154119088971,0.054020657572261384
27,2.249002513432639,2.0510336202320043,-2.0402539334018397,-3.722005661954224,-0.20255653633404075
28,2.1541859887861006,1.808791237091523,-1.0633903948181758,-2.554966272423586,-0.3722659428031224
29,2.021833151856608,1.6939475138786704,-1.3196262067870437,-2.610620466992418,-0.05316261476030268
30,2.174353028040464,1.9764491199532956,1.5949608154251287,-3.37589594931287,0.3718708285982228
31,2.1272522855192024,1.814999422161002,-0.6112767983589192,-2.5341547508002145,-0.031247772965511487
32,2.158792513069313,1.860469581917691,-1.6229642902785304,-3.160927803501747,0.06646304322538307
33,2.167612270916503,1.9859200292070256,1.1605817817518256,-3.162723908408994,0.20880224923758162
34,2.281392430603755,1.9605529849114438,0.8904244720911639,-2.9005242654626073,-0.4873451761951276
35,2.0357491781853536,1.8223313610263938,-1.1053309843050088,-3.0202808924171096,-0.27658766164472615
36,2.2812581027392853,1.8820452946735777,0.8302131620872051,-2.802558985559058,0.23186662355481286
37,2.0084610474749454,1.6413849458774692,-1.8040434007305555,-2.320321787692343,-0.10325248001837839
38,2.1819864970226988,1.854457598471142,-1.7903609639671458,-3.169282356392374,-0.33399611200951373
39,2.086986924584745,1.7505610730130128,-1.90553816888739,-2.825319363586686,0.2279510247432359
40,2.3627842260708065,2.106719696331014,1.9459230832981038,-3.2015563249839234,-0.10028389130259661
41,2.2342035098403743,2.0320843920343292,-0.2777686622560456,-3.7205591729629752,0.0429060180402326
42,2.4308750137040613,1.947607040376646,-0.12098360689147779,-3.2279337867686975,-0.3242784189500291
43,2.216159314411362,1.9395123575899773,1.508962683202846,-2.990439044907786,0.1285445009256771
44,2.305942460442353,1.7567293915252569,-1.4715947598451495,-2.6673050403197203,-0.24012323487716808
45,2.43267616114159,1.756106445017766,2.1292344200429074,-2.6947901574544155,0.6016986788815961
46,2.350864697545881,1.6750102345661828,-0.4554915043851747,-2.9797374681159297,0.21576539644494405
47,2.2308702468142965,1.8179315232587774,1.6583077104900654,-2.5158805458623434,0.5194892662672451
48,2.2998431403430253,1.4756441120126782,-1.7393462793062284,-2.609236198829976,0.06863694565340969
49,2.197578187932111,1.858180713774749,1.6892936796868516,-3.2530931666891516,0.49007213028893665
50,2.337226139796606,1.529407942910014,-1.2472962868403115,-2.3357232449542,0.13583989118632733
51,2.292002781137261,1.8004531286424734,2.6233929459354686,-1.9618920348606155,0.4439372415448465
52,2.3583490858847767,1.8069686470672666,2.0647158133281502,-2.7785421515473074,0.4422879919311036
53,2.173944731454394,1.9610677364694096,1.2264284085776298,-3.593706234360635,0.2408132192977652
54,2.3289219428918075,1.8706851546159182,2.3624040952299437,-2.761057574300442,0.4601090978692221
55,2.2431816296154805,1.5645517012681518,-2.0041788445709114,-3.0235937339628425,-0.055692849207679786
56,2.41487659919177,1.7041348425974026,0.7919156849637716,-2.7899867943915395,-0.0026965186338083745
57,2.2135377186377707,1.8338989915468233,0.9762958462979037,-2.518548535515128,0.258157421055847
58,2.2126346612219416,1.731030421056654,-1.6439943417537202,-3.3772931875901,-0.0684864653553991
59,2.2857257752912536,1.4497461764591362,0.6123322351855885,-1.903998113860469,0.04986740292669221
60,2.2327584947723578,1.697226485767302,0.9981255133661682,-2.6977062618682406,0.4021448333111489
61,2.328312195304503,1.6795115336882025,2.598833854387572,-2.115590850758819,0.41788756224256773
62,2.1828182849266105,1.4811218163954853,1.2072266220885948,-2.6281267520633143,0.44354460180177985
63,2.2989531897313933,1.4017597737133685,-1.981296832422975,-3.1011106630640763,0.015294854782121602
64,2.2635148088250285,1.423618139395499,1.520007118228828,-2.372937437929996,0.2493734372709839
65,2.295863919481789,1.1417003142951514,-1.6918671403417123,-2.4003473237838886,0.4348242424808672
66,2.268600353893932,1.192960085032285,-2.0198227605761008,-2.531186949842414,0.1317558319022096
67,2.419073618657174,1.5265152735911816,2.030393625861215,-2.112938398869874,0.1314528704895822
68,2.3478313409018234,1.4745055324381344,1.083893733481063,-1.9556024443805176,0.3706270090597223
69,2.2674626137225062,1.2515989463862793,-1.0226368937620938,-2.637136448350396,0.30876704746873024
70,2.5006369009745746,1.2799842435345534,2.218940922756395,-2.0000589369164206,0.5377472638374885
71,2.358417790817302,1.2275906740440736,-0.7198196484901885,-2.9277371158496157,0.358384518021791
72,2.463186388004608,1.4053636641266123,-1.5801915931055972,-2.518158095546112,0.23268452905568282
73,2.5142222751927585,1.603222537420815,1.1742338428737313,-2.7062224320426984,0.32473102004146653
74,2.1926677149679756,1.2678581968879032,-0.8664279611269173,-2.4012929872155095,0.6435209940932404
75,2.4079075606393645,1.5926609322464231,2.680900283381712,-2.2685097081510213,0.636602683753759
76,2.4313052621623954,1.61807663393626,1.8332505148549327,-2.6878068572229443,0.4104381851636598
77,2.390772518212686,1.3235342763057105,-1.6851428216654674,-2.2550496322117612,-0.4969693111270508
78,2.4323698984170217,1.1845695196405748,-1.1271453826971671,-2.2517711296881506,0.23505068705928311
79,2.4728274460109945,1.0836000980945715,-1.93191201783802,-2.2175878282087,0.454230507645177
80,2.34662019878051,1.099706619742223,-0.1471926521062656,-1.8363535369001716,0.35579548698126034
81,2.3688451222267113,1.1176591605327153,-1.832014342207447,-2.1894562186424693,0.1705392665936455
82,2.5682251532079596,1.2939733610991206,2.172248144263108,-2.051343702444492,0.5089721299162195
83,2.5176406218087073,1.2176721087261322,-2.418339567212382,-2.6575641835780783,0.10707470319259138
84,2.6905511565494775,1.2486451809065464,-0.17414678581064122,-1.9636659085535375,-0.19243760647887204
85,2.4653678880213508,1.4402703973363298,1.9174603663244871,-1.932267000821754,0.3151862284830734
86,2.4698520793682905,1.2173910264104064,-0.10475828763536205,-1.9810225689136596,0.2336134347958909
87,2.666254550759384,1.554740064071653,1.5445888909689454,-2.5662000304026975,0.2466731913870255
88,2.6696802240720903,1.2144361912748414,-1.3353311395603007,-2.5494359311541417,0.09556701573710694
89,2.586864868096634,1.321850045923518,1.150922671632582,-2.466556528218713,0.5320722816580687
90,2.6922535750519727,1.266926392348635,-0.08169375268050101,-1.9349829098239513,-0.17047354298696232
91,2.7981455706340843,0.9660151904562031,-1.744412337631049,-1.9002057659752059,0.03622656448731107
92,2.710049723222878,1.389777202939357,1.1723211047792974,-1.9977564415249043,0.47995554289081555
93,2.7582477180542844,1.0563592055143878,0.15305723159348492,-1.8279405125884318,0.3096014421089595
94,2.9865987061687336,1.330932383720274,1.008070626065247,-1.9591712586799508,0.12045778761058298
95,2.8328098208614407,1.3196776791013296,0.7615179635788714,-2.235128224886611,-0.1715612688589956
96,3.0878721893097363,1.057691523573614,0.21624977634648956,-1.4479728756129528,-0.20099876824320928
97,3.0982679979721444,1.2047084493929097,-0.21842844256993363,-2.0620464563087686,-0.267856211137363
98,2.9177708309735233,1.1800663554424016,-0.025830060258364682,-1.7078100565125802,-0.11530922092008723
99,2.93811805884074,1.4098007962651506,1.0250914500903463,-2.4095412638577978,-0.1481206997055826
100,2.91252846892655,1.259130421426913,0.5082677045819064,-1.7100722166023727,-0.23036736050547404
101,3.097385867521588,1.2746215124483713,-1.3321919052093123,-2.0802814477137375,-0.42010618120008114
102,3.195618282768885,1.4954953288901942,1.277067917564194,-2.1387034882778106,-0.1841891341040825
103,3.132369036808664,1.4190263478217877,0.40072548892581217,-1.5576734247474018,-0.678310252038955
104,3.2640291848073213,1.5304756020213188,0.33115532257732644,-2.158110364998236,-1.0357985050485246
105,3.2353732324292315,1.3635714612348078,0.25473338148595787,-1.4622683097965343,-0.686566222823804
106,3.2595777658628586,2.249755646602367,0.023371078589035935,-2.0450729392691054,-1.776768482668155
107,3.0737597259732468,2.022804575198708,0.33007343588094645,-1.2834359814404448,-1.2659549986792455
108,3.0811078696920227,1.9744884116387669,0.526521182605759,-1.3593758415219825,-1.6378900872141249
109,3.3090658536872377,1.9820985597417495,1.0285714434879438,-1.2578965633040327,-1.3203381170002386
110,3.179089684216729,1.8948555508656177,1.0666244645133243,-1.4375574059665643,-1.3998626931606144
111,3.075098354842838,1.9589739768405134,-0.7220647461101951,-1.910756635460326,-1.248507665766861
112,3.1988521321407926,1.9654138729375565,1.071728097851737,-1.4436578092201766,-1.6348311409576939
113,2.9686435370034245,2.103941226586768,1.2563258136326398,-2.149307608764909,-1.5270348716118036
114,3.0020438869428743,1.913569617834042,0.18186819594526193,-1.0921406584524271,-1.2798716663167635
115,2.9415749638999014,2.0841237753289565,0.0010718931442846948,-2.0555120691272966,-1.585428736526121
116,3.2398748722540858,1.850974585540076,-0.7420865916909777,-0.8926520404081602,-1.8855090615856707
117,3.2263126916784315,1.7814318769834436,-0.08531902110926692,-0.7541142804157326,-1.2354211433727762
118,3.1745439163897786,1.807609615819253,-0.16109291984569232,-1.2246672174639162,-1.774271458077224
119,3.1046177045117864,1.5146187211665867,0.8284256490472492,-1.0526017237324432,-0.9199313569337826
120,3.2433411379852104,1.4902720807549923,0.021963047346745725,-1.174027368206209,-1.3716834046798145
121,3.250031041181858,1.7316438340868896,0.003600729238522873,-1.8934242787502484,-1.0567189109789321
122,3.240530112389486,1.564590491568164,-0.4061322305021535,-1.1357661566135082,-1.0337624883168617
123,3.2366957500697726,1.6604274634742795,-0.09911624425661832,-1.0685933726988852,-1.5165166868154267
124,3.1465371567591176,1.6288739369386427,0.06720693615121322,-1.8539369214517787,-0.8574590796074333
125,3.0846738610073703,1.6419639677126465,0.6283107449172619,-1.6540170528587184,-1.1472896434851214
126,3.1931917591105448,1.675180439531868,1.1984093629521693,-1.8010378188708034,-0.8773261998317431
127,3.1261364292652076,1.649952941735831,0.0667974324393477,-1.897987986676529,-1.2860760191825324
128,3.229896272117452,1.6604722969344727,2.2003009082608385,-2.1456503720102766,-0.6808965688099208
129,2.974456908249358,1.3014569291920197,-0.9591075461300339,-1.9977754947763373,-0.9059129463508521
130,3.1186233189149273,1.4046708435349644,0.7502449475514033,-1.4059875679482465,-0.7676348089566224
131,3.2147147021406304,1.5683684131162456,0.7347511459301683,-1.7882632976545354,-1.0773126403326523
132,3.079815614647,1.4991383918766068,-0.5182387150612593,-1.6900035231930273,-0.8151193699994301
133,3.0872194935212844,1.539936290782098,-0.01607156541655249,-1.5392903812429084,-1.178601838137324
134,3.105843622968543,1.2768908333027982,-1.3270582230485293,-1.4823284436888435,-1.0618001936053454
135,3.1024311223355974,1.3866309530415113,0.8171266962032264,-1.5273092055098727,-0.8261160109320157
136,3.051464418738562,1.4313979841456719,0.6166145200673747,-1.57810809226222,-0.9395369825044023
137,3.238857740403094,1.0005385343130593,-1.2976831228615366,-2.1045354371651706,-0.25066918056620396
138,3.1205774490817078,1.121330781091545,0.34371698860305955,-2.1257106725096757,-0.595623713586797
139,3.185740110207719,1.1302166204649973,0.36683796691032006,-1.5200308916082443,-0.617069018582147
140,3.1143218277847216,1.2175020602981168,1.2250261976700512,-2.3613444596068267,-0.5311730028988387
141,3.229726970860139,1.1156752416145537,0.31855384980155044,-1.5417622215183457,-0.8259196018325977
142,3.170498914396827,1.24705315922395,0.6819652057023284,-1.8364478495723227,-1.2457814233595113
143,3.2714626205466897,1.335369080384039,1.2948218952449522,-1.4194427848571765,-0.9852993706938495
144,3.1186935058602194,0.9832943423795449,-0.7760460349038698,-1.1035433083968564,-1.02888639429471
145,3.1753773822946414,1.0677693123125864,1.5958126325582125,-1.4219695013872957,0.027664216123788447
146,3.2467361743546417,0.9750536647438033,-0.3254576120474007,-1.7960865789798834,-0.43190943362878415
147,3.3568229955439293,0.9726673758695962,-0.6083224162456417,-2.1712112037053046,-0.7746809985433202
148,3.2717077391684746,0.977509211936709,0.36539074282227996,-1.7009693527435783,-0.31584272070478553
149,3.3751305743658357,0.8412534321225049,-0.6424962629248383,-2.397020225548331,-0.08938402552345028
150,3.2809957961175065,1.1944275216516036,-0.18837968903361146,-1.8207079785271694,-0.6778307162199367
151,3.36184019998043,1.3223846002779687,1.9267653785334187,-1.6000557434466998,-0.7099501897239722
152,3.411046568941686,1.2585658273654763,0.6445748512398412,-1.4405769468479392,-0.4722583139185438
153,3.470476934420057,1.173576332107478,-0.9254106544762892,-1.4930764334443276,-0.9700125923365923
154,3.5813125171468063,1.3270368822998777,-0.5538785354122908,-1.244596609442778,-1.2091580380907052
155,3.319778946733447,1.1111982606447615,-1.3388984539886104,-1.6085670391457199,-1.1719330911463617
156,3.517860700093682,0.984733720031953,1.1177301591988955,-1.4710282083232304,-0.6055147968981357
157,3.5088855271412895,1.0019238489632825,0.7127628005934638,-1.8197933699436286,-0.02286862262734637
158,3.445921488841699,1.1723690891038827,0.9065721834539924,-1.31495928602496,-0.3952280219081167
159,3.5431173515304466,1.2351545025128754,1.0052410642255685,-1.2828513824298617,-1.123682627634572
160,3.595099495338508,1.4007378544396112,1.9675974598233248,-1.4290772747931724,-0.9225263791750624
161,3.6614943469238157,0.9936720597085631,1.5664809712616576,-0.9476836683588971,-0.7552221201331313
162,3.89521820596179,1.1232577882795296,1.387975167629166,-1.1567463593375187,-0.6386150600994173
163,3.799354391890376,0.9688771849450201,-0.6978223821346166,-1.075411337619832,-1.119298632442843
164,3.808185415210647,1.180060178734033,1.6118853802406514,-0.9332281863589055,-1.2201098414932563
165,3.6388691066752967,1.0118619289509978,-0.9613652797249886,-0.8895517034002358,-1.0617293719597778
166,3.629514743823034,0.7565389971189372,-1.003518657531123,-1.7213691677984384,-0.5133446021554193
167,3.7760538713522163,0.552161024988874,-2.1270925099877163,-1.6718567284290209,-0.7621583189242387
168,3.843903264280858,0.5778568424868906,-1.7104307819471438,-1.6900418534603934,-0.6287664519429127
169,3.797326176617021,0.482007369550613,-2.214056994295409,-0.9544481942302616,-0.6328859765181152
170,3.793225798184016,0.7946939468064501,0.4181470901816635,-1.7425086595009434,-0.7904091154158072
171,3.827131037651385,0.8688298498877053,1.7570009673162938,-1.666814788736604,-0.6976934325397774
172,3.7988640532477604,0.7888763807262792,1.1144422504084501,-1.432198968248791,-0.5595688263432573
173,3.7781755834723,0.6644414246762019,1.0033603849843178,-1.3672861170072232,-0.13985640752201028
174,3.7301578908132127,0.5145497760854368,-0.3731685259692653,-1.1076990373702245,-0.5098138015288832
175,3.847292566204341,0.529002453879122,-2.445717400658884,-1.4310032643011101,-0.6244314874483844
176,3.862589348468577,0.9450643237170884,2.414742299815802,-1.5073462751335989,-0.39058981876500704
177,3.629247171900558,0.5209553747355181,-1.08557439931657,-1.2348044518461951,-0.7210163520490793
178,3.705340477700167,0.8628710253931603,1.1898385684715056,-0.9854718683580763,-0.7494536177508992
179,3.7289841763767284,0.6802890797669013,-1.931555243966436,-1.2842831309119915,-0.9976807646977336
180,3.5225879972343668,0.5319349723227084,-1.0738978909874215,-1.43988953482899,-0.6156431827129077
181,3.8142993760552053,0.8750917578290798,1.9138049552484362,-1.2158617786077124,-0.9424678847243334
182,3.782593282962909,0.7211023324192657,-0.81761804461427,-0.6516010805943513,-1.5985520119146492
183,3.9343883353414926,0.6878059723552018,-1.6905257242087677,-0.7032337224838066,-1.4211227181363262
184,3.7909319612757777,0.8452151597805618,0.537510780959364,-0.6100524951286734,-0.9810885478040428
185,3.9924925759375305,0.9010428842040539,-0.5906823302567884,-0.515153171562662,-1.4433952206223328
186,4.0277050514493595,1.0486918766418742,1.4754281324219936,-0.26433465651036125,-1.578099684140502
187,3.932697542313894,0.8464515281273777,-0.6472869261067998,-0.3516302363280696,-1.4926146945315422
188,4.053619212266778,1.1331579582370386,2.0374653648331966,-0.6737526864134642,-1.4313761254023207
189,4.204513872751446,0.8003529234499636,-1.7715304879333869,-0.45201892045481235,-1.7295900101755333
190,3.9518772843172805,0.9089311992275073,-0.7196874399364808,-0.29549811837398277,-1.5612368742590308
191,3.9644970970831803,0.7109142211972869,-2.3533533077066022,-0.3923218088278359,-1.8169411298678768
192,3.8568070987992367,0.8162594551565244,-1.5278124202794632,0.2585695027876494,-1.8067986989552538
193,3.8909009632471396,0.8185067813669779,0.23641120479409108,-0.20474652537302743,-1.2873959596323064
194,4.064011854273502,0.6862328178785633,-1.1222438889274673,-0.38653441425600643,-1.7773940968627224
195,4.137660539663725,0.4418459028617593,-1.7603499566442444,-0.18955987396962481,-1.4882488072835334
196,4.063168851627462,1.0092386945650735,2.0381168968227277,-0.17388304481846117,-1.4504989860983846
197,4.016676946809677,0.8222992354601418,-0.6628903753771096,-0.2987037350357994,-2.0475486604432787
198,4.11271017790601,0.924999450006706,-1.3838669367614158,-0.8883015012049716,-1.7617946780868594
199,3.995009183328937,0.9183046379115233,-1.7582955805184752,-1.0854909081448845,-1.5737893757762031
200,4.179199459659489,0.7640155848210153,-0.4293512953175639,0.059811240107937855,-2.102653407731937
201,3.9961989445997292,0.8157989981137606,-0.7249021336863924,0.3257865729395732,-1.8392585471950562
202,3.765157907861494,1.1639475776399832,2.1865960370948443,0.531506768059636,-1.3360214403641772
203,3.760826944990242,0.8747303880476452,-0.5827180926679938,1.1366177356763638,-1.6392799629500698
204,3.82307561021679,0.8269099207948377,1.1713189678251568,1.0076734049486678,-1.1707751229929482
205,4.285606949080083,0.4700498656362362,-0.32351110389127596,0.4202110652526729,-1.5154766758480125
206,3.868733100623698,0.6910141923757502,0.9895052532327698,0.34192445122346665,-1.7421412108181844
207,4.129731523231917,0.8014494191929237,2.614525535998214,0.0740951887220261,-1.1693708752340484
208,3.913197062652608,0.48117422836800694,-1.5798217464862427,0.9420346495464478,-1.3450535092369515
209,3.76682326110758,0.5462384327587949,-1.2883454312378149,0.9207585518837197,-1.4554641664165373
210,3.785267709431504,0.7191029507285364,1.2778164087701294,0.5586324409554742,-0.6029648515247087
211,3.9201472624154134,0.660590250508569,2.6133591761936916,1.2397505154877764,-0.653431532053486
212,4.077149554385501,0.5711475085009038,-2.711197613236212,0.31774595072889467,-2.0526142323243928
213,4.079606006284752,0.932917563386097,-0.3229473264340909,-0.09718585486308864,-2.082469197318042
214,3.979429014089851,0.7368988653541891,-1.7299713762245361,0.7843271509124191,-2.252625875747015
215,4.0241564603238045,0.7610100136926057,-0.2656504765688832,0.5384576291700534,-1.9607986894697795
216,4.060052622288267,0.9909304602250022,1.5661738083837116,-0.0845209850039602,-2.080501005333777
217,4.056233881642864,0.6741512396033815,-1.2312992128450744,1.0908000926804227,-2.0001336997398216
218,3.9349487180893745,0.5084921436447971,-0.2560293365263723,-0.5203590044132296,-1.7862671256490716
219,3.676288498796081,0.5425286959439822,0.6534144865370165,-0.513972120392045,-1.4906566443371148
220,3.364888955369247,0.4980074573456687,0.2796129778506714,0.09427810766951683,-1.1508167587950302
221,3.6654672508641664,0.4607927834253104,0.059549252737063324,-0.04440897626333893,-1.0366840965014559
222,3.7298219773267576,0.48127975319788807,-0.9949492210886821,-0.6720703982428687,-1.0893095255969387
223,3.7877077847689713,0.6486439838457918,-0.006729157717144411,0.1655497516737686,-1.6876560659784612
224,3.961933907805096,0.7475438947354945,-0.45195580386965395,0.2785253127204269,-1.3135723205441172
225,3.9424659639359083,0.7633862975813347,-0.10219392414597032,0.3806134896682699,-2.248372322660163
226,3.8655208934087053,0.4366712691044319,1.0446026740955372,0.4480212182456021,-1.0946003952194068
227,3.808993460283465,0.44942955749327373,-0.14616455281169677,-0.34209099898777745,-0.9230161141099394
228,4.001288596357317,0.3820038071767012,0.5260975301245082,0.04588099692428762,-1.064300374239121
229,3.7363657938432353,0.9768361970516661,1.4237151536988435,-0.2696455518904707,-1.599258464497026
230,3.7848020094150256,0.6053346324893611,0.05988758144529609,0.4929973749705985,-1.2065464935483625
231,3.825192803310377,0.5955757037746003,0.5465759427831581,0.6146824420546566,-1.7817626471223496
232,3.7289523908177067,0.8796418985709813,0.9689916572609926,-0.04123873626256846,-1.4917910952313658
233,3.738482033344884,0.8690309606748287,0.11530523129703674,0.18239111234045674,-1.638375519972042
234,3.6811653620031755,0.7834031627295798,0.6665314067906949,-0.12578419341419902,-1.4243441249657798
235,3.7136831085693145,0.6450522519277445,1.1092905638257997,0.49841290307769387,-1.134880678804197
236,3.7157291514485533,0.8896398452993804,0.6086336659817831,-0.32072093362719584,-1.339000650914429
237,3.5829534146996425,0.2770244492579094,-0.6774434013023379,-0.4450464375585905,-0.5709921608092877
238,3.6023096719198313,0.7120703008622891,0.4889611032018068,-0.9639163463010335,-0.7865594877580357
239,3.4353318545180844,0.5189006185872098,1.1967634645780436,-0.7713474416979604,-0.7289279375173067
240,3.4826189219071684,0.32132935326167483,-0.28560003814492696,-0.5029309610397937,-0.9163588644956671
241,3.4115348649333828,0.5238012933684263,-0.06069062189407465,-1.2325159037485978,-0.8350982503114815
242,3.3350138260144995,0.4938565102250938,1.4451425668299605,-0.4226457229661413,-0.620063938005275
243,3.4883659305209904,0.4637954196913262,0.8998198978536516,-1.0546967643863343,-0.39154938863094346
244,3.4592417559075814,0.4169463689101849,0.2719376666385604,-0.9349409293260216,-0.5248018967380651
245,3.6730134119048667,0.5038716941582353,-0.07747355094961882,-0.4340739841985636,-1.0322523312708427
246,3.598499242167631,0.447872439916901,-0.9032258828301828,-0.22605464306735926,-1.0221271307506417
247,3.6480352829263665,0.40275845148528916,-0.39977576094597334,0.009252436546993599,-0.6452399787837498
248,3.824209385964569,0.6170017189562458,1.8947799334431368,1.056570921998069,-0.9137162046274716
249,3.853497916209681,0.6160468608556571,0.5256449792266854,0.24549118680398438,-1.2644946241579746
250,3.700766401154265,0.5705578317943586,0.057641978207944373,0.5358817996147525,-1.1455997120917547
251,3.8077821318455682,0.8645118122665635,0.3249231227888857,-0.02941780050607237,-1.2926552796376194
252,3.910569583921242,0.7433946277555605,0.7058099628049068,0.11037216663648805,-0.8501563276308549
253,3.7037255015784627,0.6305534265669263,-1.0305257673786665,0.06190688769531831,-1.1815811345928242
254,3.932311280505093,0.7573718985353739,-0.6402759551877952,-0.26554950720654213,-1.2618644923980007
255,3.829391494632327,0.5761179084623196,-0.5312309127607907,0.25576177635853936,-1.2020914734989534
256,3.988176974285828,0.7272940535337695,-0.11170979337068539,-0.24288769224705278,-1.1393943470199581
257,3.7349099418882155,0.8768862788510733,1.1040395870576851,-0.30293654984854673,-0.7735199001605736
258,3.8180388967977565,0.6531426649701012,-0.8124694800818693,-0.2613875869296944,-1.437948458119857
259,4.080179928035749,0.8443536489982062,0.17992367729419628,0.20077418746594117,-1.1845584605083483
260,3.721001196915574,0.8394184559584976,-1.0102177029257542,-0.3613649242278014,-1.325278902233422
261,3.7627116082884244,0.9200670305156513,-1.1656117899601786,-0.7252835461438412,-1.2495060460632117
262,3.707002605386557,0.5016744466338829,-0.14785694103061212,-0.3368568152858256,-1.056857431549143
263,3.784347284818652,0.6778815807234018,1.1061393869680691,-0.5497787710242443,-0.9263730209407739
264,3.8475284469443287,0.5746990578808006,0.3080591497200282,-0.31355653109959347,-0.8436640162032326
265,3.8595292390518474,0.36836634784471445,-0.1912943283135518,-0.574943004892188,-0.8721496060735437
266,3.8202496932108594,0.3057914667696409,1.0529992533333197,0.07185938247012469,-0.6755085403021306
267,3.8884720362400107,0.9083375074233354,-0.04712405127608791,-0.8662086208747037,-1.2078893409898122
268,3.7025354732362747,0.55714358850639,-1.403124817228747,-0.07131637965662754,-1.1488828745069188
269,3.7664973795328587,0.7088800745012779,0.337549352281668,-0.3058736864066297,-1.3860390051330185
270,3.8237418306310667,0.8081060551967432,0.6735495091042986,-0.3431969668954021,-1.485900711876367
271,3.907017121090969,0.7630528944760546,0.694959030070959,0.05937531921577527,-1.3665273687102288
272,4.151607697810024,0.3777008895076502,-1.340271914377579,0.37660648211873254,-1.3827416331704194
273,4.207390504439109,0.5190135120456195,1.658125673477094,0.798657687229663,-1.097201739545888
274,3.682245912080533,0.515512792502442,0.6029638162088009,0.3611973448191669,-0.7232573956954882
275,3.47806538701163,0.7732518773332442,0.768075747532689,0.8834924975504694,-0.9081167787931974
276,3.695465012702894,0.8321013831722308,1.4925343036174965,0.8981999030108646,-0.8194246646561734
277,3.869359656004916,0.8099910593420648,-0.8164593492500125,-0.09453674630418542,-1.6313231069692313
278,3.9309718341260003,0.6032885819154392,0.9426426939170719,0.5230795196978407,-1.0239963605699387
279,3.698547304020566,0.6827215682749294,-1.0484116725916162,0.03940700556035896,-1.3148566797372658
280,3.7214221767633826,0.5401560993327666,-0.5496941820620057,0.5127213500855543,-0.8249796206038312
281,3.5999136506474363,0.6250301325068347,0.6632306857003867,0.7288198220708514,-0.7648360046890151
282,3.6368658262765603,0.635449730656807,-0.1773159193112792,0.40718477875668097,-0.673590506618012
283,3.5967010752433053,0.863431452092111,0.12263990293168964,0.11509596415414972,-1.2102573111983477
284,3.5721683443089827,0.8992441080575371,-0.24118973371892535,0.8470925695520685,-1.3305534595299173
285,3.5831405071679363,1.011998390760821,0.05565967681908877,0.46760169662277273,-0.998209507552703
286,3.546917257656541,0.6773731795459397,-1.578012139747796,0.6159195998308397,-0.583765087230377
287,3.888151501079852,0.5950472390330187,-0.7584578866689515,1.0241926142320783,-0.764754151951528
288,3.76189177207811,0.6592662031701157,-1.6805213496151656,0.09617120024157985,-1.0620280387583911
289,4.015297336090738,0.7035671596275503,1.6964733971949157,-0.196186187542723,-1.0309862824812805
290,3.9789553373882582,0.2085627836121879,-1.5829910081250516,0.41812157824157664,-1.0622954632638333
291,4.001260227184241,0.38641513438749386,-0.7565620798454773,0.030413215531679874,-1.1112966209822714
292,4.338192150871878,0.5799757359142625,0.11166965106914106,0.07875085530721733,-1.8299933502623424
293,4.234345945583955,0.6982257682319313,1.2229379783819774,-0.18026261893279946,-1.0548575311930461
294,3.8113553507759264,0.32109401895754464,-0.9702730971691611,0.3474411532826055,-0.2705903346459799
295,3.755232445407597,0.2460233295142542,-1.8327909065113603,0.9827208091507471,-0.739922961035712
296,4.270578598147371,0.2207841987336476,-0.4025470066304758,0.1974871985289308,-0.8592846483258436
297,3.936588339327851,0.3140636257524772,2.1171577470191663,1.1807683209199196,0.2606690992969233
298,4.006595706347974,0.142501860001024,-0.039296638364302194,0.9745442680735313,-0.2879804016974434
299,4.270578409620442,0.07958914086820665,-0.06355338722427997,0.3433049544224299,-0.6839112116131927
300,4.368986548264387,0.442389301691852,0.10413347830620866,0.26653932419775195,-1.3795360584105527
301,3.916170347963408,0.5828393299392353,-0.3081729163689001,0.9800553489438217,-1.0397067316013229
302,4.134480997446901,0.5801357273218827,2.021786028692713,0.8138041995604767,-1.146790622894395
303,3.8003407164049903,0.4832387212338498,1.2204373164936713,1.4185730612503475,-0.732752620718366
304,3.9809360387563144,0.6737319484228558,2.667381920032573,1.198813197679795,-0.6713870493857568
305,3.9854950887353233,0.2851209190501076,0.44339434346299067,1.3978974090848864,-0.9818509348047606
306,3.9674731757302677,0.46638788273602494,1.8973166524544887,1.359627499865608,-0.8771453504027387
307,3.793675792654297,0.32834120563852176,1.4903873723551466,1.4183457701326867,-0.9488833701769309
308,3.820111191314532,0.3866593229732709,-1.1779889290499364,1.0420340250395124,-1.1672268764581413
309,3.869496014620549,0.5072293196764387,-0.25183716707010195,1.0708779630555774,-0.7705372797955184
310,3.828743851904934,0.3249726799722219,-1.4937391729815932,0.9878798913592205,-0.684277955932873
311,3.995611540625178,0.30099852904063273,-1.123801733629039,1.5503008234892217,-0.6221713822532174
312,3.840591181153288,0.5555105787107951,0.39899716560006865,1.293645654654,-1.138522069862869
313,3.846567862696524,0.3376778405363437,0.10898034727355903,0.6136518795021505,-0.6031228970872484
314,4.0652419015311265,0.21112083293776282,-1.0841861024487036,1.2268390999788443,-1.2694015376501067
315,4.038982350293338,0.23698646144285096,-1.3068128476506724,1.045511028636435,-0.7152847828259358
316,3.942032858652763,0.30218585729744096,-0.9699773774297018,1.2295458122744594,-1.1118086084413652
317,3.9911354552676737,0.4311643296858964,0.6437904593479427,1.2898312607598341,-0.789058713836892
318,3.727925659048918,0.45728682928878717,0.05513843250656257,0.8006626959093556,-0.6875421376397836
319,3.779146215168876,0.5243606768373902,1.0774292123071678,0.847643801790924,-0.8467807113470732
320,3.811312681111235,0.47849337973269274,1.1059834125629018,0.6830555771292474,-0.7754489720397278
321,3.8247614426672305,0.3563952401218916,0.7517883779832758,1.0310365895853206,-0.6920815845150725
322,3.6860005821305526,0.4118110308395648,-1.0577371019494568,0.6906086622631264,-0.8851805656277557
323,3.9479145743850332,0.281635296602249,0.6305257806090727,1.074870417508031,-1.088102625544448
324,3.8096437272955965,0.40455341379261966,0.3027123782337063,0.5090008810323795,-0.5887811175893563
325,3.746247494496363,0.246999682492946,0.04273502638648014,1.0799105122449713,-0.5993356036780414
326,3.5947252562224974,0.3913795768995011,0.667105188173411,0.5707497296140132,-0.5788674342504911
327,3.594169779613681,0.5551216227242807,0.5398906813091778,0.2641316908932498,-0.3497261389787252
328,3.399909465932789,0.4916979807639452,-0.048522647011671964,0.21743849749004393,-0.7554330726569867
329,3.248310810810657,0.3785100670876876,0.4195658974341409,0.8270224994371189,-0.34227944992710946
330,3.3418435467773726,0.6022308481849854,0.08872947866872577,1.144143601677175,-0.7282770190340944
331,3.2539960973576916,0.7643884280888288,0.9105010290723529,0.3821939296937242,-0.8246603936673529
332,3.2584506348968048,0.4894850582365715,1.1492067687793512,0.973911008004657,-0.3946025873512192
333,3.6912007706665673,0.34938854034623723,0.050412018346901025,-0.12477617649742387,-1.1982953726244234
334,3.453583970749538,0.39869399970658553,-0.7327991020670926,0.3766507289566972,-0.6584511619292017
335,3.1623774592215104,0.4614310906805494,-0.4253912469311638,0.050776131842131936,-0.5450048565069219
336,3.624168428084894,0.38505476821649126,0.2203351900228209,-0.5797124738470777,-0.7935810451729581
337,3.4927303374516923,0.3300241118639967,0.9474520723028287,0.48496955695094274,-0.3151712720100899
338,3.4757297906509588,0.2745761634846958,0.1345811054335195,0.219012810480152,-0.06359899937526432
339,3.5703939569783283,0.374781409691698,0.2457985246830991,0.4909546063927592,-0.3039761158183428
340,3.4102886208710896,0.33373671930376114,-0.6631244214125122,0.5298724664139111,-0.3452744547814699
341,3.328822170762309,0.44843356063089457,0.17179561547821115,0.7024660121024162,-0.8771142948203697
342,3.4450406493427472,0.5163445265649671,0.589219214889664,0.4902367129137433,-0.4513769750163908
343,3.352444293699299,0.6671723070096507,0.5347123175875593,0.347344504605125,-0.5189265966934146
344,3.4721466403008105,0.5824660564454316,0.2890419137319706,0.6970509590420764,-0.6882425903969597
345,3.4830949128702713,0.394561193494818,0.07723946249015022,1.030640219131653,-0.5329882308236505
346,3.512317417993549,0.4567832851303158,-0.32535585885348606,1.383754447096795,-0.9971740704292014
347,3.506762955237998,0.6218364968670608,0.6903141638456467,1.4509840772110227,-0.8890556352109983
348,3.6547232525447084,0.7590300737412369,0.10388592294661646,0.8509291817633118,-1.3539674728344564
349,3.8646772381379746,0.5349498959645653,-0.23133289269117155,1.7459348708257856,-1.3437406645747139
350,3.9711156482988863,0.636158138889871,0.9068171175999896,0.7849553662036394,-1.3020227211440116
351,3.958013498500035,0.7105300425412062,0.14737483552405908,0.6441379967754185,-1.3746784970658787
352,3.4763256633023993,0.644079233793768,0.8161644495284103,1.5823218669837782,-0.5568379597119285
353,3.8904356333533823,0.5938161969689524,-1.5083856037644705,-0.36239833699106394,-1.3471236786642522
354,3.8990253151112855,0.5502160114561101,-0.16339010543716506,0.16243274150997122,-1.5028252461324603
355,4.079880179442479,0.5838990218207797,0.5545778409434153,0.38111069708500533,-1.1014259611831596
356,3.7292030476872,0.5783312759374548,0.16418874203245637,0.37328287747440964,-1.1083296320734026
357,3.6061612367931213,0.6254999684098773,0.4367029719968816,0.7672963852829523,-0.7923308073494635
358,3.32563835977922,0.7986324981368507,0.8501143150628693,0.9921803588252518,-0.894333108090896
359,3.358946218284305,0.6833447898482244,0.9758191379468806,1.687105108586292,-1.0796086169870747
360,3.535342863330637,0.8455345810201925,1.5018767987345212,0.9194809575454784,-0.6894629116066855
361,3.278887946766892,0.6379210419889779,-1.1313625811212062,0.6001072917834278,-0.9822712260971894
362,3.225014828189016,0.6655748982820867,1.4274805845292153,0.8236901745068208,-0.3545230441838416
363,3.261492259929835,0.3992199106164882,-0.9767385890801331,1.6329802460220022,-1.1249734103888667
364,3.190066645216253,0.5977589519955339,-0.7546640304646143,0.7298633040203253,-0.7148088225300724
365,3.323128006726381,0.4382256171722642,0.35161659246911425,0.9466963021469619,-0.346814497535229
366,3.2605646990973236,0.4810975890014594,0.9201291636575334,0.010768673687962246,0.0011158771504144814
367,3.2454554307887973,0.40793132736957916,-0.05131604232638745,0.416538128577303,-0.37995594846241443
368,3.2610682553236536,0.5291917562481369,0.46398457052974085,1.296716657357538,-0.7389290433045955
369,3.27772726217277,0.699454071088937,0.11457644223422601,0.681283330817612,-0.6884296393235227
370,3.221595414321405,0.569140275048073,0.3153820404737822,0.6013871931848743,-0.3423491644345601
371,3.4707551279719713,0.4808302250175383,-0.40268612781539787,0.5108310710602444,-0.4095715541777168
372,3.543532481555189,0.2995204550068061,0.06174462018761322,1.6485565923219916,-0.6065016947215031
373,3.4631509705836323,0.4135624392097337,-0.9248098507867706,1.050437375678339,-0.6235945065096297
374,3.560909820443209,0.4185156909318214,0.6624776814224975,1.3211927949910978,-0.6400545885351727
375,3.4901107050726794,0.3521625178945839,-0.2307488229729892,1.5271759680554082,-0.4740548227368429
376,3.618372025208313,0.19767394738691224,-0.061002968085337644,1.5286474061137794,-0.5284740977915118
377,3.5341887574376947,0.2890057530353496,-0.6263894341190874,1.5154387143330437,-0.4876829465341801
378,3.600705199827522,0.2326307763823285,-0.34531239679296366,1.174888477056027,-0.22157478549120568
379,3.450874224472923,0.5580368604089117,0.6920995030948428,1.7342577530083558,-0.8674736942154676
380,3.6489304739802915,0.6103512240174702,0.43718440069710096,1.4051754019581997,-0.5548054675078182
381,3.6315968198384727,0.7867096427928882,1.416822572763817,2.036341447817548,-1.0029461789724063
382,3.5352299742189195,0.6430387851076376,-2.034311455129708,1.068452696576552,-1.4521888760335386
383,3.680652742679937,0.7937584110642134,0.7508521733632576,0.7386356373829438,-0.9386526053077165
384,3.7452297069945573,0.6776229060572053,0.22324849020529708,1.4075457733223071,-0.8526141606960768
385,3.5870061134517925,0.9272760560327296,1.062072654836708,0.9396105566721612,-1.095090125278388
386,3.715581848255661,0.7203061332923871,0.8402898325760148,1.4090953579138235,-1.0788065607609492
387,3.386406733262253,0.8162069954044641,-0.11318432314051624,0.7841809384612257,-1.0535510551628133
388,3.3507255083178458,0.8018188707625311,0.393369388572998,0.7744670402923667,-0.6375150648164528
389,3.3858036101910827,0.7361098013939528,0.5268669354024665,0.661573378193847,-1.0829636730068164
390,3.509876391144524,0.4975536917556699,0.14833398781475549,0.20676462586299668,-0.28254180688679464
391,3.5615125674495887,0.30395054061093263,-0.20090112484547057,0.2789777034282226,-1.030740250189165
392,3.66228620114324,0.7250817875885477,1.985046021235516,-0.06882347399514935,-0.7585865138824224
393,3.7238099817335155,0.3540299954184816,0.6534648308113854,0.588140179303542,-1.0670106084808482
394,3.589262152913234,0.5870966285710397,-1.6548943230356006,-0.6463733684755611,-1.0910974160259999
395,3.5680814863055312,0.6321709864189102,-0.035368029850439665,-0.5736333497819178,-0.9918035298663238
396,3.641759623080481,0.25982404833473277,-0.7632447856254272,0.22246321661097176,-0.886154393090891
397,3.3319274939365684,0.20951813720001844,-1.8531486095214025,1.13753787935855,-0.9079680475966371
398,3.6572195454685428,0.6058304656106688,1.6805247954637632,-0.04447093146070352,-0.7815403209589803
399,3.351534120262252,0.6520444261390527,0.48276671545705085,0.41199080551217643,-0.6946190236794165
400,3.5019013990118713,0.6430878178411371,1.8354469510507974,0.5804422891814155,-0.5072928156578825
401,3.773285918543071,0.42182479736336054,0.468386915117901,0.10439521407409819,-1.0175265250653114
402,3.513966400707336,0.4699015584153696,-1.3531833731073528,-0.4308556601573503,-0.9095282336482301
403,3.4916038321202163,0.5436168658866567,-0.8468843301884135,-0.6129045654420672,-0.8946540413941976
404,3.6996657570250533,0.611193976881174,1.0286369684124699,-0.06610973841116656,-0.8405820432594848
405,3.7828434529711363,0.43007591553520974,0.032667308201220185,-0.11841791523315942,-0.8894875954719882
406,3.7101042891656806,0.24785505494169596,0.16541366246192546,-0.31770880139091584,-0.7045261511263589
407,3.667242083326986,-0.05834363442719184,-0.785607993924625,0.3143361773429426,-0.4119568016577172
408,3.723640197739243,0.0795309085166796,0.8246491742412024,-0.22320012349129198,-0.34738248823655793
409,3.5575692957748193,-0.07791604013086811,0.3359339783497225,-1.0086100932682602,0.03632367223233257
410,3.593431668310868,-0.06852149365067944,1.9334098614443007,-0.22156853649919475,-0.40786580995020744
411,3.562286175382896,-0.3307704686073303,-2.529403550420699,-0.4880277291050454,-0.25196840781889884
412,3.598247466174798,-0.16503583719435755,-0.2869593467056315,-0.8103150015034827,-0.1927972469182733
413,3.6331296362687473,-0.2665921597240909,-0.09931315868468958,-0.3151139634003082,0.08214661833683849
414,3.6239300723046437,-0.24350066673553442,-0.17100968043068868,-1.1393971800841824,0.36260371593716734
415,3.731706444177507,-0.15366991153697604,0.26527609345570985,-1.1141141264596686,0.26447664722160896
416,3.718511113058436,-0.21910763704817773,0.15587988635049316,-0.9717574281077275,0.0349535360478625
417,3.8958916150046154,-0.13025343221762584,-0.6721429869726062,-0.7106629674150733,-0.2973376284222952
418,3.611583524385743,-0.46979058392519696,-2.4541222045531104,-0.34034892463158345,-0.13712985247824483
419,3.888563450664842,-0.25497750825215326,0.47075054124633,-0.21317368325214214,0.008612011443551516
420,3.820373003573747,-0.1851391910352285,-0.7124190737008206,-0.9476473817604636,-0.3867256950854563
421,3.3525844879821705,-0.2548814416981235,-0.04784477916819839,-0.48194517002310017,0.3141690482355145
422,3.664634584816459,-0.049140303931911405,0.35136929153727686,-0.9222268749475672,-0.15873643176595684
423,3.5893181453936434,0.12855556287559025,-0.9925797126172193,-0.4463389835672768,-0.6485719543401294
424,3.7418331169034635,0.07225880736433837,0.7825271698725006,-0.1899003496478067,-0.07772001379741829
425,3.826489127145901,0.17738183643731703,-0.9165499610819987,-0.9963400961009182,-1.0123459382285873
426,3.6894557684202915,0.04466233620432898,0.1238904017875388,-0.27271547062227397,-0.2639399710715352
427,3.428625606794084,0.23875951221910566,-0.7302214323246882,-0.9334385688212805,-0.3045416775194415
428,3.5573635051689445,-0.08531784069182173,-0.7215845429878175,-0.3585353915448079,-0.2262923703033349
429,3.436413539492958,0.11505397149838217,0.45784533228844304,-0.6038441125023684,-0.002542753370517016
430,3.3779409093329984,-0.21974654517815148,-0.6578951242713266,-0.2697246091411617,-0.4939512922564771
431,3.372843280371109,0.3273696109299103,0.9534314894105884,-1.3319758379663702,-0.19908026069709714
432,3.49257184482707,-0.00440537704033979,1.010758350406738,-0.35199511350921986,-0.13293723981752117
433,3.5134356001080436,0.22943025458907132,-0.465146105559684,-1.4076566033677849,-0.20303231241141173
434,3.5438179257465707,0.12426962543803802,0.8240667978720554,-0.10779638772893287,-0.3707497460550452
435,3.501241673637688,0.08141472205227733,-1.0775394245088799,-0.6321252302988123,-0.737633486095831
436,3.4578744258220397,0.2505506261796179,-0.5803363962199313,-1.231935864252875,-0.3052107305478899
437,3.4388072049029996,0.2549108980610363,2.5937936254169434,1.3752231643089572,0.10797294381587375
438,3.46229054610397,0.054695570426254767,-0.7444662984739258,0.3096072580238251,-0.017888628244150356
439,3.476199188742931,-0.02082196316561588,0.8532799130632681,1.5861797863958698,0.09357000676442793
440,3.702694414182502,0.26676211999324184,2.610021428001737,0.6314606807632066,0.15746328253018185
441,3.6899009077585077,0.014077235432425688,0.9344505515283866,0.583634723707335,-0.4969037372076571
442,3.6822888818647423,-0.23011069346192767,-2.2844266123832013,0.586072619190982,-0.5832216142955424
443,3.8014350761687403,0.13493374762825008,0.30350365272917257,-0.11809416260071752,-0.7466044304867051
444,3.7598921777473735,-0.12322053702036471,-1.1389151580324177,0.06828429883167328,-0.6891484490919749
445,3.77106503082082,0.028100854259182524,-1.081475873093253,-0.7010164693139772,-0.8553527153088224
446,3.565605167286692,-0.08347488890827127,-1.3738721941101557,-0.1281957761682873,-0.46082480035883094
447,3.869151125075308,-0.008200950917812729,0.37393923861982326,1.0606862080414408,-0.5173713358081112
448,3.396000141932375,0.2369322160364854,-0.01860786328005324,-0.5296433888258163,-0.488503424666291
449,3.336830797355699,0.31128785149985677,1.4122032678026182,0.10623854748185382,-0.41609901683407624
450,3.567387077876762,0.16918058139046815,-0.1245291476493024,0.003918813670798192,-0.46135668174578537
451,3.421148120594864,0.11322663832233966,0.731567683337404,0.6446514763381539,-0.06565104424665083
452,3.2460938056603803,0.0002744765963673293,-1.4115100505674636,0.7951861885231296,-0.16219549393510738
453,3.36385578606503,0.16982308533617746,0.5176266817875931,0.41408190388965854,0.24703098430735437
454,3.1069737565253197,-0.2824991484549704,-2.207991478657181,1.8969489290830086,0.2606271096070762
455,3.0603729222830944,0.3128461558271809,-0.18105904163145956,1.0717369514409356,-0.308771887241033
456,3.2506873131022607,0.3633736820559924,0.9150494120323949,1.085806236191211,-0.12063425758054294
457,3.22906205057804,0.3370516066411997,1.756277311908345,1.58999739131331,-0.15165999914692918
458,3.067364544351156,0.33588477035994513,1.2018350543138414,1.4500731077433984,-0.3895483168750268
459,3.345770469327328,0.32307478672440115,0.9780541338791323,1.343363558101979,-0.62218722313723
460,3.1658094070054,0.03322052761278939,-1.204380091834391,1.5532478222145099,-0.18133993041175125
461,3.2960401953240073,-0.2665238335871504,-0.5601888316046958,1.7757726856176352,0.1306166720557628
462,3.3274216119853914,-0.02015357040541066,-0.3331563259951531,0.6368969332351408,0.17989867692111275
463,3.182654189846409,-0.07713230096313646,1.4214244606440163,1.566815438984047,0.12354729664072425
464,3.361145416812878,-0.08925571884839353,-1.1067124898041365,0.8498464074554565,0.07113998489171447
465,3.2773164060383078,-0.1316588090993355,-1.1559433415365188,0.8681782186028302,0.1667098184907333
466,3.325465865259274,-0.1215607165298614,-0.16301461325871494,1.1756867377536617,-0.006849334015375024
467,3.3846295848613637,0.1888145757891601,-0.09526178981920665,0.6728729439162273,0.01400562204164833
468,3.3355498308026625,0.009043697542860206,0.13194709583606093,0.9976427044027969,0.49696574963055024
469,3.5065588097677933,-0.0031090296742443337,0.6607577582555091,1.0939737999381218,0.5543632339489961
470,3.6947793040789394,-0.16350839845020584,0.09001954665046652,1.9031794053644058,-0.055783559315998724
471,3.4204389821558774,0.10788588233009709,0.40473666003470143,0.8527109823202695,0.20223390057027965
472,3.717361013538125,0.10994991147328274,0.9733997882838842,1.8982784872344056,-0.1778478208761624
473,3.4414051412951623,-0.15551986885233204,-1.808697289725404,1.9686417319036131,-0.2961580795235581
474,3.4872974636814607,0.20683508033073142,1.2613459103206266,2.0222007054645985,-0.0913679884225693
475,3.554752445984098,0.22030212868346963,0.045382705810641265,1.1132784826917763,-0.30697368173275935
476,3.5351344742600297,0.3519165682329418,1.4287622241758817,1.4713602607948346,-0.007904427500179743
477,3.4219969207240646,0.12317287374344026,0.20140860483561693,0.7561533926036906,-0.1029255587643269
478,3.432341635266209,-0.04662299682320158,-0.6507567264291848,1.1890393403020532,0.2987498297364823
479,3.4568015483704158,0.020774601560764456,0.2724576410213768,1.6076343563060422,0.0531049160912074
480,3.5409793307441535,-0.0367391176231311,0.09482113135730957,1.4725610036144143,-0.3120540133430468
481,3.5975436282148237,-0.11368261962512631,2.1383891373504174,1.4848188237259508,0.5365337709965193
482,3.3700960609359756,0.0360103195103372,-3.0752055007488375,0.959181828156488,-0.3596854447811711
483,3.5394245595950884,0.027639875573116847,-0.9283978648208844,1.737976325361293,-0.17417533773995306
484,3.5159326350795075,0.1952505973010884,0.9004155338783572,1.4899866461066338,-0.17856936389517103
485,3.5234113703733883,-0.05045820811705023,-1.1959806399907604,1.7066356821691342,-0.2571801549637992
486,3.396470355972289,0.02887483941651694,-0.8596366009537201,1.0832474844961093,-0.1426891140910957
487,3.4725086574247177,0.13039328548266776,1.3527498276775831,1.2924667089034778,0.4497486205779461
488,3.4418344578767,0.3692505693410953,1.1173231644395385,1.4399360218998511,-0.05909513456909986
489,3.45651114606482,0.4066910880577033,1.793030829993236,1.5885952399972723,-0.5562845999783878
490,3.331585388244904,0.19338279907365086,-0.719593672623565,1.52000975466192,-0.5689869968293405
491,3.5514037037504655,0.3242421334259652,0.6829236971792355,1.3191262226556495,-0.016467380512255787
492,3.3844067031419565,0.2371479542154098,-0.6455897769605593,1.1381986643065718,-0.6295188334139861
493,3.364125138068551,0.26441798635430597,1.2812148581104628,1.0832034046138208,-0.05805280474803695
494,3.3734671945529056,0.19048815349264528,0.4952902953300901,1.0066927211869339,-0.15958751678753025
495,3.5082375157817918,0.02549899730649616,0.325690244522613,1.7593374029555662,-0.2127013300605116
496,3.541744884767522,0.3536970824978043,1.7862725592384994,0.9224699347694697,-0.07025940330445275
497,3.31062968477166,-0.058790628665049596,-1.7205791835998157,1.3219035020558907,-0.5544422930834213
498,3.3433539515821153,0.012853965859140667,0.009423884831197191,1.1718783721754282,0.26177481037843875
499,3.5029938486879533,0.09960189791577737,-1.1404405207978492,1.059696574522884,-0.44645533898599893
500,3.397603178103936,0.25448083705267743,1.0804429171128929,0.6697155201730217,-0.18096395910493993
501,3.3717772475812877,0.15391756408898719,1.0009727811217561,1.660975783364835,0.0014056483062793654
502,3.277970077490656,0.171949817414648,1.152017229879717,1.4134213822629456,-0.04239183648095831
503,3.302291717704551,0.11852082740248877,-0.006025522818605815,1.1125684641458191,-0.2535733790464918
504,3.054563860324862,0.32693603658884296,1.5137484088335529,1.0576816223159555,-0.10528988180611754
505,3.129873415694874,0.2207660444956684,-0.1332726272629384,1.4336553041715256,-0.4380457802452368
506,3.3309982728699614,0.2991495842057742,0.8379750472846544,0.7228096504596211,-0.5460035316267807
507,3.206357334773636,-0.08922451342890753,0.44753549903848977,1.295918922216816,0.32092296108676743
508,3.219549385041176,0.03574944470354989,0.5931169263199233,0.7809392279922989,-0.11187034308054644
509,3.300981035577124,0.08611676276677001,0.5948731137569188,1.0326148761546805,0.356959643261812
510,3.588951222594244,-0.2704477806996704,-1.46711051932649,1.3232369552961847,-0.3019717294562478
511,3.1786620649419652,0.13353248177182894,0.8381506388928344,0.08711137265492895,0.2850695117819573
512,3.0795712874234265,-0.17136225257523657,-0.7461163048559042,0.8281847235842901,-0.07346855850524782
513,3.2288738770482968,-0.0850447314060893,-0.8810351793051581,0.6747376050898712,0.30514634463732726
514,3.02467330045433,-0.13270646082074264,0.30331781067796476,-0.1399538615214002,0.7733001274518015
515,3.021001594506509,0.10251714857627471,-0.39304552882919286,-0.3625817106994271,0.5272251093545803
516,3.178900759425669,-0.03216786683393616,-0.3801205803451018,-0.10024589125609709,0.29821222039636625
517,2.9763950084974042,0.040002513481504035,0.6598613538148448,0.19546397390267797,0.6347583554966633
518,3.205186462576534,0.12040239422744177,-0.7897164542065247,-0.2130497369187684,0.3181616839876964
519,3.0337684204200475,0.11910218620947023,-0.3743453468606277,0.40968966372244237,0.0889809760587952
520,3.142077181924946,0.14311680731165746,-0.6920527801828704,1.320797052470821,-0.10772728108563827
521,3.0887582824768787,0.2513644319940939,0.5656512921964135,1.2288436875339765,-0.24359852440887575
522,3.2811752526604203,0.09710159713474162,-0.8324836803504535,1.1789437590633158,-0.2042312844284848
523,3.1063964802879878,0.4718721826319542,0.7650636493325911,0.336068223035792,-0.2828633283480029
524,3.389044045346754,0.2162496572787779,-0.49430179215713194,1.136907326700506,-0.07586927446172266
525,3.387736583742843,0.15811627320850083,-0.36223594347742266,1.2958137675198647,-0.21404787462122019
526,2.8938498927684972,0.38906140235464987,-1.4399413241856374,-0.09716941319528123,-0.2016868443161013
527,3.1153141217821023,0.5867095408097943,0.789153984482786,0.45063215777900795,-0.39459690579966605
528,3.165625089011836,0.4783533696365499,-0.010784436497196443,0.8145959884332096,-0.5041270685643007
529,3.345330289527865,0.54682821487665,-0.433997437865292,1.072187890378137,-0.853154401994733
530,3.3638256112679583,0.5288289172299072,-0.37136107968811194,1.059406017906916,-0.7095798297832843
531,3.5408120571260806,0.08454930798157691,0.518834892976486,1.2298906321122192,0.06770744605453466
532,3.4064305903702525,0.36314904094556943,1.4401219784081247,0.41439849051035194,0.3684239176603586
533,3.5236796640330943,0.16033019948644484,0.8094672347439713,1.1516487425586213,0.07412499415380953
534,3.295487633329474,0.06348153013530707,-0.9197982262423564,1.4920391195941791,-0.3679158965406158
535,3.152277308654941,0.03725298290966709,-0.4234013950159233,1.5416912688260618,0.12901271211411897
536,3.255965709009647,-0.015839311980822487,-1.1263915841362386,1.318865445618308,-0.64393934114455
537,3.3425289741400968,0.0052751003295588355,-1.2782832875159416,0.9866371528307321,-0.2549690100573276
538,3.3598802776753454,0.09625428392084766,-0.04730335878062346,1.195069019010478,-0.20908855468546708
539,3.272918567952234,0.10114758004153265,1.0838028404923317,1.3085581480818427,0.06316054986794385
540,3.2527068660960228,-0.0799627495641113,-1.506867567860073,1.0681669597532992,-0.09204397580717073
541,3.2442172530732654,0.037462733943385895,0.03226249998013033,1.598487853852494,-0.43111623899109675
542,3.1190958700567673,0.0632619797981386,-0.561432129598443,0.435290354074522,0.37333393431741574
543,3.1126301592600925,-0.017800749859659744,-0.30765783325154955,1.0001760381848983,0.21208840190028144
544,3.0841210863310096,-0.23308914872261477,-1.1152169419333653,1.5479781250190512,-0.00197271882987844
545,3.196091919686523,-0.022890527872156,-0.9344761056699797,1.076251028393762,-0.25546320482912
546,3.2410427754018833,0.15106419229987852,1.383661034691339,0.999878689088795,0.2958725801666651
547,3.290824821219839,0.05555582714157861,-0.25971236843503703,1.3223041591018474,-0.06386161700815121
548,3.309798054905611,0.050464837516570105,-0.43114616345254037,1.262819570653113,-0.4171940463244174
549,3.3273396747328463,-0.12846077852672455,-0.8994459223098106,1.4810049972455055,-0.16894516411145935
550,3.0654234092549926,0.060075869643555484,-0.36262282240509747,1.680629458507682,-0.2811133050098384
551,3.160071082247547,0.20384951396270784,-0.2857662349471574,0.989378339713513,-0.5047365544257736
552,2.8988053104479015,0.23850717409191932,-0.3910201278028327,1.2207949390537525,-0.193209848708553
553,3.1780460364217142,0.29151834659030224,-0.25008012548220676,0.7102910831981589,-0.18027664417269898
554,3.034752750865861,0.29569116469015877,0.7231837952373954,1.8611069948128627,-0.37315828122936995
555,3.001990714386727,0.06799039906214925,1.2668715025168582,1.2063667260276285,-0.1476043268018899
556,2.894140123039048,-0.020903815395438282,0.19544722150270338,1.649787735229248,-0.12742527149860886
557,2.733206123452847,-0.009685061106683044,-1.2789299501141789,1.103282598564029,-0.004760983606338514
558,2.792769992921471,0.11910589569874881,1.842148016996955,1.2866895536837177,0.23167418343168053
559,2.8813435130365592,-0.0372929468441061,-1.203371577378052,0.7969135086437187,0.07810007376446447
560,2.92183229218895,0.023160075292196713,-0.7442164156729625,1.0061977203593178,0.11959369305608479
561,3.0118375890229205,-0.0016320401082151204,-0.7487825864957683,1.4803872822639113,-0.0729851555428905
562,3.018686709940634,0.03223489251344569,0.3366936306175495,1.4696993440972819,0.001749361791250108
563,3.028166631017266,-0.10179988850959086,-1.6655489285450071,1.681539512900753,0.15349003532382563
564,2.828581765083639,-0.12096418256543152,-0.9106603608589434,1.5898861427973712,0.029838204590180085
565,3.003000383719901,-0.03242952670747436,0.3570569038515365,1.386985914633008,0.10907714290232542
566,2.8323531847236842,-0.09357755796782173,0.4624262582093049,1.61418302470233,0.1029694786662011
567,2.948997724486951,-0.001524537471579806,1.1687196299010267,1.3426740207027779,0.33461865378859995
568,2.844662122055963,0.12162175736010218,0.9044396626817007,1.556045559832027,0.20134903506100973
569,2.5813220237911314,-0.055291365520820056,-1.3635030951647364,1.3649791450495565,0.05346237063994025
570,2.8153501559358314,-0.12653275603673309,-1.0787828079736392,1.9289835192218343,0.1425326525626904
571,2.7425495102856816,0.014536970550517957,-1.219377599286029,1.5286331306115397,0.02266802931263095
572,2.965236890200809,0.20798108742509913,0.9145923196400567,2.182553081706335,-0.34610492762925504
573,2.9756072448508286,0.15401423510124618,-1.032375345291792,1.6245201345776072,-0.27258266831824657
574,3.0774737510877217,-0.05173439859978435,0.13896561796577608,2.1132883629837895,0.1101922193270987
575,3.328064038820214,-0.16076478963766944,-1.062470156322525,0.8930706219356704,-0.01669943331748824
576,3.197242170997811,0.15692777445227696,1.076410064079194,1.4277590519632437,0.25688443063868915
577,3.120266127073461,-0.010790791960971735,-1.202259548957151,1.5725845404557302,-0.021841883548968637
578,3.1740496341318596,0.30043103656361836,0.7105713617514815,0.8359993512244785,0.2917906827571299
579,3.024981241650277,0.05269972742605661,-0.42687834506603306,1.354790110965816,-0.22386066533543697
580,3.0968172770370352,-0.0790545957560372,-0.4004647180491485,0.7525764508737903,0.380593961883091
581,3.052429485943566,0.03682855872286535,1.4840886931421327,0.5516734329138938,0.6459662899210538
582,2.8552013355489216,-0.17524411031419757,-0.7450544593818934,0.08841272493631573,0.7795953464337159
583,2.881350264337048,-0.34783460598912247,-0.24578924119395432,-0.31336655418047044,1.1660685282673529
584,3.070052972469578,-0.5986328218930884,0.37014569384853135,1.2129073593093855,1.086760203291781
585,3.025191449208982,-0.07246111519870622,-0.6771263065210746,0.752471066783225,0.4560906540780216
586,3.0635629480774864,0.2983272969688642,0.8817937104095183,0.8656163905332256,0.07069002923825385
587,2.9823986906629423,0.18406161059158282,-0.6957498424153863,1.0487022349220885,-0.20649110948772553
588,2.822922251059967,0.3717164041089479,0.10146447723844741,0.4526525750831713,0.03070208999862124
589,3.021091440820011,0.29028775885996233,-0.02740659927492458,0.8082265197843618,-0.05112793161842221
590,2.9298971315663045,0.38936373619613907,1.2011364794095036,0.6669062722048896,0.055944328002817754
591,2.823205325582272,-0.0944325727832623,-0.3993618317968842,1.7165017038371255,0.16142043288535718
592,2.9510816569535607,0.20125155077804435,0.9440644515131125,0.8564108333642837,-0.12216611175589588
593,2.9011542522250253,0.2105093762261655,0.7829507765423016,1.130370957906269,0.5109346804834424
594,2.960307626673167,0.17645098150681815,-1.7280856038232046,0.8234875867010717,-0.36417066026826195
595,2.936778758606912,0.17582163912057244,-0.2920900830935821,1.407862800850237,-0.3909887990992623
596,3.1508047095153375,0.011155676049060686,-2.3942477951761347,1.0818676662601234,0.34000758596125497
597,3.0749526033781365,0.1760766254660775,-0.3754823568879644,0.5081980274380262,0.10078764464050727
598,3.178611517863337,0.09030962780311798,0.0882530925276075,1.1963180461652072,0.3774671361116843
599,3.1796851012625247,-0.026969403133863017,-0.14254954245079113,0.9587115024987136,0.31781496495800954
600,3.4387313216810798,-0.03885640412644187,-0.4731225595268848,0.9662451939718899,0.20869621045195108
601,3.3133040270247003,-0.06791455235951213,-0.5968613231190377,0.9034369629166801,0.2772966271598329
602,3.5311589491301567,-0.11278632506083076,1.0233975389399301,1.3351307013454614,0.08624396120941652
603,3.2905285962918405,-0.02188368837473359,0.22603356724762078,0.7783430251408174,0.3613218040568512
604,3.373483302565909,-0.2392647063547753,1.4020607755727763,1.6951394704054938,0.6170190691312415
605,3.480572265625863,-0.26919234975464557,-0.4695424972959635,1.3064042737203312,0.3070934195663194
606,3.4091327590496685,-0.4112570016539464,-0.9895789668095424,1.6008171028824172,0.2693668765865884
607,3.42524388137592,0.07159324362264603,0.36028299833917043,1.078796540618996,-0.21311541943896625
608,3.3587336423807996,0.10091624989056928,-1.7076029805969255,0.9386351269397812,-0.4524689852965065
609,3.3559027375171366,-0.06619406551669457,-0.6165666308550403,1.6972022308189025,-0.4622406100750923
610,3.457151395453116,-0.12999020992892305,-0.7191232308611691,1.7277734806998333,-0.034463752080194504
611,3.5530705268352594,-0.015293210779778844,-0.6377518281516749,1.1056536783508044,0.1159460685361058
612,3.4056618694841023,0.07886114120604665,-0.05945062030299901,1.494160313514226,-0.17566876171741075
613,3.4798921919050803,0.13822981749204055,1.05460469718105,1.55319010003681,-0.23845737998221073
614,3.6506123817206704,-0.031020707795684086,-0.6565587788637348,1.573234615904254,-0.2546397416129454
615,3.7919366594930284,0.14112871416317166,3.124586075951663,1.8497021103941937,-0.08574399720191174
616,3.5004764711859786,0.1481637887142501,1.0491382916220888,1.6653158373331158,-0.6010948400044067
617,3.5709502338945636,-0.006232628276059883,-0.7171941692743423,1.6640698850118436,-0.393002467410921
618,3.7099769800098046,-0.026678023986734002,-0.18875328599798386,1.6818963968760985,-0.5577387791911693
619,3.6830630964977273,0.09224000478459062,0.5919510384519835,1.8970281165489915,-0.6350069107822285
620,3.532277193240554,-0.015115012620519256,-1.5115178694504319,1.527097209816158,-0.36517743117370666
621,3.6347690812534332,0.056755210706674546,0.3373838354497779,2.143099191832377,-0.669904724525807
622,3.36766533510738,-0.04251137371237649,-1.8829834693671494,1.5290394555724134,-0.7444494660017021
623,3.6273150892512773,-0.09204698981944397,0.1838595823493785,1.6452027398585145,-0.5783832137058815
624,3.622168119198974,-0.250673489893705,0.4690449491180284,2.078361012011115,-0.16637983256195588
625,3.465032486397748,-0.3343062234775977,-1.2093084130914737,1.8512210057955714,-0.1391972914722671
626,3.404852361443672,-0.06005556690792837,-0.845429638233859,1.5480400119020423,-0.283438840785105
627,3.5046012546149656,-0.08219172045941324,0.10508096770726666,1.7885991234130556,-0.5321102365255486
628,3.4773555950582065,-0.17906256346508273,-0.7390783087369459,2.221482487660523,-0.625007297407433
629,3.711369550602879,-0.4119442392890915,-2.805261029584219,2.255829430601979,-0.4723690990862672
630,3.381588715882686,-0.08811713505548137,2.241064633389859,2.280650284595609,-0.18819716473284717
631,3.4524915241125176,-0.27151920204568,-1.8015024761801433,1.3679445508888977,-0.5302817510882676
632,3.55402124112488,-0.28162636086445775,-0.4753753897481437,1.703609094513763,-0.11237479514714194
633,3.550679332189847,-0.2297160826375713,0.1254130817961709,1.5997890867013398,0.0637310191701582
634,3.5265971687650493,-0.4220083150746363,-1.6192358913259102,1.7496855388447046,0.0033170209980711903
635,3.558399402179423,-0.3050203466955558,-0.4206869658419106,1.6656292560858554,-0.21421385560433318
636,3.638104179238888,-0.3903200021813709,-1.0486197521685143,1.8655651968449385,-0.25513678719453675
637,3.8421180117120777,-0.2892386606996077,0.6787850970138505,2.142775726786377,-0.24006436662030567
638,3.74695616366139,-0.19492534874303105,-0.46420493935091545,1.5510185688053681,-0.2893563221551735
639,3.7663314025711876,-0.39575052691070406,-1.5144618799478609,1.943193564136976,-0.32603346024897356
640,3.7497516430015314,-0.47736638788026536,-1.68778551573263,2.051119635334504,-0.5270572131856388
641,3.562755748307932,-0.2126790289686385,1.358647914390281,2.434767190632848,-0.15689536028534998
642,3.6817218925758555,-0.2468346666035403,1.2207243733270206,2.4647575999703997,0.041542116743008776
643,3.4946152175559475,-0.1985665130698067,0.16257579264953645,2.0122555562453432,-0.5503487399646421
644,3.5489998801608227,-0.34366231248519397,0.18234496598925556,2.1565161142874643,-0.4499010803054855
645,3.723062140954878,-0.2352241990386619,2.0993768015264584,1.9326366943605733,0.0503018975849067
646,3.383015137863409,-0.25101668953403994,-0.0023707589232229796,1.522739043717254,-0.14020626697695684
647,3.4784839518899706,-0.21627953577592934,0.6006823927050211,1.7377005509650756,0.19190781570921298
648,3.7947561635765794,-0.5368574197232738,-0.3587773086397343,2.1405722749901503,-0.31402664877819264
649,3.5500106330213055,-0.4826212999554285,-1.0775502586276071,2.2000544819552488,-0.6238759981616673
650,3.6194164450869732,-0.3053799954587639,-1.0133754687312977,2.158205367841469,-0.5438247432119222
651,3.284923365418125,-0.35959918280511544,-2.0315373179424774,1.8973528615111557,-0.2414557337714515
652,3.3709030826785256,-0.21137856738573266,-0.8745584808403135,2.0083954789037697,-0.44271383892841004
653,3.242635207408679,-0.2532534741656767,-1.1317493786145796,1.4677081249385717,-0.5479868048987312
654,3.4875629196340205,-0.5542702135570483,0.640600333579835,1.5472601023614188,0.3184891878191622
655,3.1350863025524833,-0.6179601275500329,-0.5275963675865768,1.7749091436831055,0.2898236241126606
656,3.1780287121250526,-0.32852401174992474,0.33424368938127097,1.9964946989574759,-0.4061347317540043
657,3.1710075171655903,-0.0399381341941242,2.132565205835215,1.4896866345708162,0.1796605620685465
658,3.2034258727478657,-0.27245267544384105,0.17852403678722953,1.4971263088808264,0.13957747223869474
659,3.085780836703961,-0.3377398074973501,-0.421950777872678,1.9108973367486017,-0.047573853624291826
660,3.2351832110364067,-0.14855559440998817,1.208151207552072,2.2629779063828193,0.07083502277162927
661,3.0867885695011315,-0.30389432207676265,-0.5299079062395343,1.972157036513732,-0.4068723400411473
662,3.2699324426280594,-0.3394812297057782,0.4251906222453237,1.8947370553075775,-0.13469979459257198
663,2.93018041923744,-0.40377775527959753,-0.583194593134731,1.382811489549162,0.34656444816152576
664,3.24159381474473,-0.2974542483328426,-0.5760179251811176,1.8809178260798323,-0.3551098130900999
665,3.3145201845065215,-0.11578800767999659,1.7529084251080878,2.380264593614764,-0.4116179965329634
666,3.272818013527693,-0.36944871101821425,-1.7812326406188872,2.0762403886997856,-0.34384127242561685
667,2.9618581092456293,-0.21398504974271315,-1.2376105770843564,2.058320339571088,-0.5444124545106892
668,2.94635640273077,-0.22897043719409513,-0.26524114025312306,1.5218619912168083,-0.022820236893916008
669,2.78877250426875,-0.46172694852283624,-1.2768602763526955,1.876813591976198,-0.41734004895143967
670,2.890803840420131,-0.37423537151419595,-0.8045714880647481,0.8644922411818752,0.3339333933978041
671,2.7203134449434847,-0.6225522344491046,-1.8444822023426768,1.1352925339291278,0.28576480798511616
672,2.714416228607296,-0.4732365825735221,-0.27381478451712055,0.7375854601996983,0.5548418833968567
673,2.708141290787406,-0.4149439687583093,1.3262763358346525,0.9278698674503485,0.7035872395557059
674,2.8125647237078115,-0.30817925615737063,2.1778580623120116,1.1990747150611256,0.5550803054903756
675,2.616023180454482,-0.2916986113540493,0.4171012170430561,0.7611147200289787,0.5903300632458155
676,2.5071131347150595,-0.23360601757585364,0.4022980668445618,0.6627068170911082,0.971912067874859
677,2.4704545833231215,-0.4442186442849675,-0.9877328573579722,0.7625343488005535,0.20317293611143372
678,2.695202922595313,-0.41112587436834963,0.47937564394355087,0.8674367882981313,0.8392524734741851
679,2.6111823921045545,-0.37694262980160503,-2.1334117561792167,0.3017870714805738,0.26452175415167684
680,2.5023172288099484,-0.3941584754688552,-1.1334194216703803,0.842533223860017,0.5708207313730309
681,2.627861674741221,-0.41529475686434997,-0.05560436240525077,0.2784402574157687,1.1675017567303456
682,2.71001256679674,-0.4809632957607198,-0.2530491222488322,0.860071668766885,0.8595444201853102
683,2.9386953075688624,-0.5586555773641478,-0.5606092250840065,0.8128663163208837,1.019912142809256
684,2.579403611602113,-0.5879002094039039,1.0747864152989348,0.23279382073804655,1.389276655903884
685,2.7103507546625796,-0.6013447915704897,1.3511896661103935,0.1339867586895273,1.6943015599214133
686,2.782403221393981,-0.16936294038602032,1.0672284602866946,0.5309594441199909,0.5370676881216312
687,2.7978608733754298,-0.2643698254420677,0.22965846197750422,1.2720911413506446,0.5284406600626522
688,2.7045311675434287,-0.15816977023671666,-1.293027321199143,0.5683571651978115,0.368083558152804
689,2.6911819665084185,-0.6152870967301662,-1.7792189104202447,0.6648333367491285,0.867785452484311
690,2.5901250312388546,-0.5271625484220861,-1.0683353338993251,0.8749458105388843,1.012873998482376
691,2.7026424433431195,-0.5369804726487978,-1.171969616886034,0.46161129977902116,0.7933490246903638
692,2.9506216831815144,-0.6799805053404933,0.7190389811809245,0.5775032694325416,1.3699302360948313
693,2.829837205809904,-0.9183521489146645,-0.9142362529066925,0.6849643144543973,1.1138226403168958
694,2.780338877573948,-0.5400374793889409,0.18952069715244993,0.5990144720226284,0.9042143004739421
695,2.8717400876442047,-0.6445107265839053,-0.6490731557993874,0.9161423688717694,0.9543763156650429
696,2.977394793708952,-0.6407070294124776,-0.14912377301167037,0.9045080986454563,0.7147764458414478
697,2.972736014898725,-0.5673546449717821,-1.0891097737451636,0.5655426411199641,0.7248679968605782
698,3.007395907205486,-0.5759483930650272,0.1803353818232697,0.8232777979050372,0.9860913063271137
699,2.9518986648369387,-0.5992692666892262,0.48859231433541755,1.680794796662835,0.835390476715377
700,2.927928160259263,-0.8676428540513085,-0.2669212725649237,1.0628857893102568,1.072785693112098
701,2.9829771693588856,-0.9423792820715619,-0.8798071372249032,0.8654605780296524,1.0578966976668307
702,3.0153688914567724,-0.7953054235549215,-0.6995005831331235,0.47311305210460675,1.4110344441100515
703,3.0247321592996266,-0.3312461891874537,0.9817588226258086,1.281077058389726,0.9513225409239117
704,2.819614087243916,-0.6107576274639286,-0.45416161976683594,1.9604539110760937,0.46396150552537135
705,2.6994668734701435,-0.6536417212357926,-2.450918436435077,0.7953581666109845,0.7316893827620332
706,2.866527793119689,-0.581650685412976,0.21736978921674427,1.5332480037028924,1.1953851954742007
707,2.6362672558984297,-0.4764103297573993,-0.20665948763028374,0.9445602097062681,1.0056369618290029
708,2.5560186356057657,-0.33965474384841127,1.2085147150538367,1.1142609464200421,0.8170001142884742
709,2.510359662308248,-0.49337304496676926,-1.17419999157744,0.9998973880019397,0.874956308781476
710,2.672062892037013,-0.5919069712014432,-1.932855303601985,0.8420612200762723,0.888415287340886
711,2.5960818080222867,-0.8614435038427706,0.2653763738838364,0.3719596561897773,1.833763414660659
712,2.605728732112771,-0.7154925337971341,2.406930762798574,0.426992828639747,1.9003514534071326
713,2.4341356459382695,-1.013225538677436,-1.1635708901636312,0.8445636097438156,1.516337983675837
714,2.5349059582878617,-0.6372321956580644,1.285901382209498,0.8128828910195157,1.327513694771471
715,2.43994520672629,-0.5204749695490328,0.8760867364931086,0.5239808952200218,1.395279387455794
716,2.4327626660971933,-0.6806162217266748,1.3312628333664616,0.7306236137162557,1.9079508657016075
717,2.5129151654777298,-0.8183827697300678,-0.9245101649413378,0.3298409294726016,1.5082287859411743
718,2.510262100704153,-0.6943082247651476,2.0042873547806517,1.0772887445457908,1.385222027824008
719,2.339846452445958,-0.7522518558826191,-0.8997059289550818,0.3171292754466896,1.4811173276575582
720,2.244108629467094,-0.49546704245383544,1.5602441110806187,0.7200590002348748,1.262391354300055
721,2.420404156046897,-0.5733026256271881,2.0824688490837633,0.7953089838288411,1.4519837967097056
722,2.2718043922060445,-0.8589223431994175,0.6487897989967957,0.31446794279745005,2.0635767180727
723,2.3417869746085618,-0.9961609774209881,-0.6406233245319564,0.6271678409865848,2.1015758137687035
724,2.0886274521986,-0.8006580269759935,-1.353072958894502,0.46696001643435475,1.6170468725152167
725,2.0504610213612238,-0.7540796878584359,-0.2387915967359529,0.398711238215359,1.5040987723547152
726,1.997238504502584,-0.7147420204335192,0.3060488315268941,-0.06763979954902777,1.823398573836397
727,2.152313602255286,-0.9254505349850921,-0.80316410522067,0.8788312360783177,1.2730155842143387
728,2.123300355120102,-0.8141284222479973,1.0864451210864277,0.5088468509707071,1.8436110996084905
729,1.9764951510279634,-0.8901910105949059,-1.2481440286777292,0.5506404656123212,1.4729163816302249
730,2.097912454010095,-0.77875449867287,-0.9369183307579374,-0.14411895699795638,1.842458680797336
731,1.9565873986370022,-0.8652446317170865,-2.515355011737549,-0.11344770768691406,1.6655708089402737
732,2.019003115086444,-0.7412724331235208,-1.0580378647316195,0.290385945468344,1.8749667080526569
733,1.9055496372830616,-0.4308973449424286,0.8473031666044444,0.22842172993114004,1.7532798537871064
734,2.117492389614377,-0.7878057035139515,-2.878631587095507,0.6769553365307559,1.415297339034552
735,2.0188565962498566,-0.6563541124137717,-2.3079880904824077,0.513637569905682,1.3748918617632329
736,1.8699557712983812,-0.8848760563678767,-0.015417794959111289,-0.2468521043919108,2.217669487197505
737,1.9806999411096993,-0.9573586253799736,0.07822474619583565,-0.10711152744338825,2.4439825459251
738,1.945842936282806,-0.7952552675513552,1.3464062719126575,0.10103877501102776,2.316391573128829
739,1.8892284099438275,-0.9449035637917536,-0.08568480241666336,0.14444622171195257,2.04633221843047
740,1.964454201393203,-0.950671495426822,-0.21741779943369355,-0.1949834457356852,2.366795998902114
741,1.8383824283595473,-0.7491513568044884,1.5499483458988121,0.10380488981891572,2.430152078816602
742,2.165569654177451,-0.8683780203421474,-0.3982912427028085,0.5769359195845472,2.289389852348115
743,1.8860555546224045,-0.9247781552355187,-1.6352810730511556,0.3290838429060816,2.059948394315096
744,1.80439442555426,-0.7292208712513775,1.5304090522869207,0.7269423842688607,2.5349017144630093
745,1.852178575916673,-0.44369751573973254,2.40006833954796,0.22013302905832194,2.2055287322498573
746,1.9336536383427603,-0.48553297915170135,0.735866471844254,-0.3217195566668823,2.3398591094276595
747,1.8060015102027391,-1.0702611673723357,-2.180987314546671,-0.053034760165862664,2.5001444358887963
748,1.7486494351962052,-0.9727657878655294,-0.13984361154640362,0.40696866500061313,2.529302874267863
749,2.0933106050518857,-0.5984131406856089,3.0813211672578897,0.1754356990099333,2.523946915614037
750,1.8768677593383163,-0.8276393725843435,-2.0705282732635775,-0.4508170744536875,1.8978190487998445
751,1.8882749466487485,-0.8129798108774768,-0.32997513056898764,0.01642162766935262,1.9957669178944164
752,1.947846892626752,-0.8985130164813534,-1.7231311345646223,-0.7889679923275854,2.5441441365556416
753,2.0054778690926276,-0.7526746036558961,2.7012055416452774,-0.4036920730770507,2.9607129113858575
754,2.173388573012565,-0.6333365405856977,2.408114664132495,-1.223975260648208,2.760186272897385
755,2.0421849481362857,-0.7914671817459474,-3.348383075435018,-0.7624997656536288,1.9161957119159774
756,1.8991061065641406,-0.8343564728641198,-2.4187352912572853,-0.0794974803443451,1.9491279698916182
757,1.9716253982385252,-0.6799341580278461,0.9054078171435482,-0.21503524281842323,2.1930888879761903
758,2.1313288092449625,-0.5884350736460449,2.1533937606640476,0.5637832681627308,2.2544654069848584
759,1.7759500823381267,-0.8171038977070098,-2.2503134074717597,0.2774601629455042,1.8174118512335269
760,1.913146531773041,-0.611340149115214,-1.1558636397096242,-0.521987747881882,1.8449834840556916
761,1.934029992506907,-0.48148996604890526,1.1516903373571676,-0.38420350587818175,2.4276011945055207
762,1.935046859765312,-0.5437853382271634,-0.6125626589986279,-1.417910901692291,2.4840103377788316
763,2.052451293504241,-0.022014911547609036,2.7488352619647496,-0.3600802501858718,2.035558222646996
764,1.8303284515077223,-0.09202723537948668,-0.3778868898554636,-0.017912084524633422,1.5112819727264182
765,1.8848603879726957,-0.29858370367727805,-2.3743615218373915,0.34226166467535696,1.4659290204770532
766,1.8543978565866228,-0.40112742121094624,2.149189333563685,-0.6708588612750541,2.3281225791686366
767,1.759799204951377,-0.5609412981735402,-1.518233948904201,-1.0756393546762728,2.2486349390651688
768,1.8440939803212097,-0.6035825922617923,-1.2982536838751437,-0.5980039238770052,2.4332529334261346
769,1.6836353364271714,-0.5596299914424805,-2.192726686143287,0.04811529531669098,1.8248746793628294
770,1.8594589117823186,-0.4602291079703111,-1.6006480739320865,-0.4034691290836525,2.109755222702023
771,1.8096861706814993,-0.2963986632885459,-0.4436598233398741,-0.7845447906009044,2.171865674670066
772,1.9590833261631473,-0.5393066465613189,-0.3566483393294257,0.21929506684463212,2.191345427405175
773,1.9709208180210034,-0.12156066328229344,0.14729374496308809,-1.3459237954139884,2.2239387658576297
774,1.9455587989869978,-0.035140257904015815,1.7322464440360479,-1.310005805119176,2.2139359070910185
775,1.7986994159315652,-0.5827591245136261,-1.1003668211272832,-0.3843588574731752,2.0044326526379095
776,1.7691714170958763,-0.7409658744495655,-2.4728951699013653,-0.1895187645240261,2.0884793272763162
777,1.8005369444130008,-0.5431207567184763,-0.80721271172454,-0.44830626740570667,2.181164695260515
778,1.7653820669025475,-0.2966184498037915,0.33737556344878783,-0.568432775127673,1.8297845284943786
779,1.8556155974015738,-0.6965334052434073,-1.443234819768961,-0.1952152139150663,2.4701308445777417
780,1.824803823362575,-0.778352952652721,-2.2626756845477387,-0.5283679359010556,2.428612303749236
781,2.0431127547969368,-0.6990923862865982,-0.07359972913229729,-0.47230704856849787,2.329802322801568
782,1.9929108253996457,-0.5124549276192262,-0.3638757415321696,-1.0606897625538285,2.1508413191162274
783,1.9975838228317555,-0.45143401682755513,-0.9104049610211012,-0.9380294465879866,2.1260388849813765
784,2.0117288606238923,-0.4970019160630879,-0.5079256236112084,-0.30267863347471324,2.129049096782902
785,1.9672788842777782,-0.9722843053095632,-0.9320454244388345,-0.21325390941682892,2.8323392847254776
786,1.7764863294392337,-0.7727094891533521,-0.5540854358873935,-0.4428555739439259,2.391538751277457
787,1.9128565631033996,-0.8612853873161191,-1.8779155554353446,-0.553804536235139,2.6914670873148863
788,1.8886790156724438,-0.7572211126257417,-0.06463496405286,-0.1150050757814255,2.306371367378631
789,1.9538787247465341,-0.6351201294558005,0.39087289085869975,-0.49626383900896454,2.377460171303584
790,1.7937453799694494,-0.7388177038409574,-2.7619253107440445,-0.9247112096314088,2.2216070631410845
791,1.7844618431257748,-0.6401003256852487,-0.6301237210313637,-1.014495021821531,2.85954281380838
792,1.9767956160425697,-0.46642169258969657,2.2492657210545657,-0.45841368186580655,2.7221122952907053
793,1.8896756439016755,-0.601198196911307,1.4783167140584832,-0.4755865431825981,2.836228171662547
794,1.5603846267651507,-0.7799529033203888,-1.7287951369154675,-0.5785379978951235,2.3376128086987444
795,1.6472656426191847,-0.7362228348367287,-2.6504425561834704,-0.9272142795668642,2.38955793935675
796,1.7678499569202253,-0.3648504197879012,1.5893463604315048,-0.20311101141113433,2.516903739989668
797,1.5050108190931426,-0.32243390344332135,1.98056785339935,-0.43335226274190386,2.598761265577326
798,1.5539601948730655,-0.2620346166236262,0.6593911070296444,-0.9948876116274339,2.5606822401404084
799,1.5593528595347224,-0.4777244069359222,0.881038860525635,-0.2873876435899059,2.4919128323103226
800,1.6175911752870822,-0.7333928084324627,-2.9506335350698327,-0.3999488680160612,2.628995250482145
801,1.584163688042165,-0.7713811120687635,0.8178429260169333,-0.01869472545142609,2.5382495527162
802,1.672427280766372,-0.49296886114753846,0.22077629967271611,-1.213965124456269,2.8071777146100594
803,1.490019223033233,-0.9966022008130576,-2.602689264191051,-0.48287408945638244,2.8718910742581953
804,1.6446342032535048,-0.5887461467954559,-1.6171196471495222,-0.4070870281965422,2.064492324863913
805,1.613879501577319,-0.36078982889009853,2.1588438280448177,-0.66464136267437,2.6593314818447125
806,1.5774516533590761,-0.5832904467517718,-2.617878922797135,-1.009129916824948,2.301998429794758
807,1.5825061268719933,-0.21636265911479302,1.1096316699613138,-0.4594224329443478,2.2551963013773793
808,1.6808956180113248,-0.35188172077701224,-0.07085924051093362,-0.4407346197415381,2.5238442011248785
809,1.3881101690075468,-0.32529801590529084,2.534072978278175,-0.43385616116808634,2.573914479505362
810,1.2585209157612685,-0.40621144535049897,0.35871561429160675,-1.1117996903758376,2.8793952873270356
811,1.3311237576354633,-0.6797776660066414,-0.8085264715482132,-1.021363879043152,3.136657545000556
812,1.3235671815886345,-0.6413964078336624,0.39208063564407014,-0.4819166988723092,2.642955872312349
813,1.1922478577593216,-0.5746489344978869,-0.888794448290758,-0.535453982605998,2.8550424551476254
814,1.1014487954079353,-0.6984776993756392,-0.46849696420722786,-0.2117423183572784,2.875815824967805
815,1.3259093335452026,-0.25308777052761766,0.5078017959895972,-0.24134013709171395,2.261277285964582
816,1.3664788124437357,-0.1581422281380785,1.0324464867837306,-0.3079055351457533,2.3510758267016856
817,1.2941166349907283,-0.010440602270570322,-1.0462750381195483,-0.6716694125472921,1.6659968522600281
818,1.138724273346187,-0.01039244440344606,1.8704155597938743,-0.8132120596415869,2.3475428375752916
819,1.1005233519090734,-0.5255498007458995,-1.5558040386670722,-0.3662210265105684,2.5691164200711762
820,1.214268558185425,-0.48744161661580754,-1.0403752015379275,-0.7545511776932523,2.5006795360896468
821,1.1089793197197266,-0.3209500044070418,0.00631277388965127,-1.2933650633272356,2.6237807792876082
822,0.9967950122895464,-0.42924857107688935,-0.13592346370378292,-0.3251678822055014,2.440154155444321
823,1.0281583963881096,-0.30731857769835297,-0.1508377050444303,-0.4424937418719095,2.426863467594013
824,1.1782335602473715,-0.3115526539966663,-0.08502323033675013,-0.9681980637623951,2.4825118819668086
825,1.2718546435641809,-0.4726881640303811,-2.497455257652897,-0.4819828761965635,2.1532851242500555
826,1.159201754005852,-0.43961961940626,-0.46845681187970967,-0.3681225103948716,2.314920371512805
827,1.1226038081270049,-0.4060388696306608,0.02037941625196536,-0.7706140017575362,2.686071960311388
828,1.1862937150207766,-0.5298000870467526,0.44984014585086196,-0.2230118181584797,2.4633458636572323
829,0.9393699683379454,-0.46559146542478924,-0.36626716726140995,-0.9219299520593499,2.296066065798128
830,0.8875817839873216,-0.4277512836106609,-0.10063828830565905,-0.603356613001464,2.1223113258216233
831,1.1107723602299886,-0.432204376709146,0.03706199955116075,-0.8887425367455607,1.978043383996068
832,1.2873565132375762,-0.39511165620896666,3.0619660240535347,-0.24870584994308864,2.2173581362010375
833,1.0719551891553332,-0.8910353510652903,-2.7210424654941088,-0.09866343339140268,1.8147596029202835
834,1.2172649839403742,-0.618106830941281,2.8575736433902836,0.8185704980651362,2.261989667068067
835,0.9794384323861638,-0.5981680822160561,1.389974805167501,0.10791340067653561,2.07938315935602
836,1.0538498419807842,-0.8190096536937618,-0.467988660201348,-0.21952267964826522,1.9806351941618214
837,1.3589720736772877,-0.7258861205936967,-0.5024486612242521,-0.9380164299294727,1.9063709828875746
838,1.1482804051079072,-0.8481582993245373,-0.5928302868915407,-0.4111957600155249,1.8436759590704521
839,1.244794617844702,-1.0321228770230375,-0.03298620164172257,0.31934026954097344,1.674417771306165
840,1.0579436057198093,-1.1563297394474974,-1.532287398018794,0.3460280872178761,1.8199147172469818
841,1.0715512335649922,-0.9665451556241429,0.41987811897539495,-0.1009262484692734,1.9966270064414489
842,1.0810398372413639,-0.9607914122308466,0.7991474466106453,-0.1969697095105248,1.8287391478661092
843,1.1446390708162768,-0.9691716347596341,-1.252431039374244,-0.6918591250360094,1.538378513706992
844,1.065877759101966,-1.0563666310829656,-0.8541604088213117,0.2725202498055227,1.5762121691875186
845,1.2830745841927664,-1.0633990410782064,0.46346090531912393,0.29238308359127957,1.4289183517917508
846,0.8831547160137586,-1.089573988154193,0.3892706038139334,0.2646922008461781,1.7238355421241034
847,0.8533697832445644,-1.1373978148818944,0.8772724323221147,0.37725104909330776,1.6615822163792566
848,1.246257603480194,-1.2475593647067509,0.9552462410340065,0.35892664966824783,1.7517824241433013
849,0.7993246924752229,-1.2925096733309247,1.1386463638000306,0.9488219208626537,1.8942497879856088
850,0.8441901100351912,-1.5194698924347476,-2.1681553899122203,0.18615004891058878,1.7172800404908724
851,0.7911843987388902,-1.2877972241071542,-0.985667320749927,0.41180582685602946,1.3625750553851386
852,0.6783657249470697,-1.2271094172797992,-1.9878282462802745,0.014247369091947374,1.4272960628683276
853,0.969078234417483,-1.2946837678722163,-2.030182960572009,0.3921360739230114,0.9919255569590413
854,0.6002541268123618,-1.5074019247100245,-0.44365698533148684,0.012151528860373044,1.7760742280932618
855,0.8779363800874558,-1.3954756114203188,3.0390890656242635,0.6843788597637173,1.8106108789543631
856,0.9869160777070085,-1.5437566329122778,-0.3813665234897501,0.7791912975192871,1.643789347634249
857,0.8955535261217722,-1.3116999509160299,2.1591278997155894,0.9227162742038306,1.5508342190505795
858,0.563498571366144,-1.6116844296403419,-2.555421639453454,0.6377652675223808,1.2795488329829827
859,0.6096354609938538,-1.2565766193745265,-0.3772877919715672,-0.1396889583136963,1.222474920958113
860,0.5847921690286148,-1.5471746815223932,-1.8711999303178668,0.7743242143251482,1.4685945771934665
861,0.7116035225448334,-2.961963416176477,-0.5792148410983529,0.22292227992454353,3.1125145937319925
862,0.45619960174063445,-0.681296044318807,-1.2878581769775326,0.7320894498639804,0.09258762108575919
863,0.41529622991492443,-0.7046285890609557,0.9802618788838224,1.0783335463335821,0.45036132720375666
864,0.6781911972200433,-0.8313081075176696,1.6801758680922014,1.5522717259535805,0.7025366688301279
865,0.4585845169842583,-1.7517640264275347,-2.2396230719500103,0.060236254649816565,1.1906024552674452
866,0.40718127007971616,-1.64012894439427,-1.1032734012851062,0.1933348954733044,1.0393427355269538
867,0.47492401122245337,-1.5376460933283085,-1.2569364088376767,0.2074600805426141,1.1109070715499345
868,0.19022951754517162,-1.4716151307436145,0.4001179910196455,1.0409928197008902,1.34547899555936
869,0.6061314732259323,-1.4721110265829909,1.4883432216809054,0.6650114147142022,1.4889421300489798
870,0.4240876565533863,-1.4806621974497343,1.1559409188677514,0.23967972823879757,1.646704495811597
871,0.43879339698135994,-1.6531627864412626,-1.6725388009057849,0.34208863563924824,1.5057252167971857
872,0.3085903641394858,-1.6439620447598629,1.2445502154298005,0.5427232056395778,2.0659626345608126
873,0.4128228304720008,-1.4856285486172516,1.0008776027172803,-0.015492066489793297,1.3850341545586917
874,0.5311312601033242,-1.8247788482914393,-0.464004990550879,0.5461263583628005,1.3504880507318786
875,0.3379761061042209,-1.5033837727012431,1.079387314004748,-0.3499611921917299,1.4556448001999995
876,0.6387710048092713,-1.2119140193106637,1.0285526392058046,0.05205032988291374,0.9657966998639868
877,0.44728047375334573,-1.4033310757786095,0.6599831422423824,0.7680522005370644,1.0474567904139942
878,0.35788347024107053,-1.4750966124643625,2.2604823425093827,0.7557546891774501,1.4177405659556115
879,0.44785846865572326,-1.816187417832117,-2.613188267515552,0.33923529560737115,1.3596213663740524
880,0.4630249660560444,-1.5563771006932468,-1.069020394951144,-0.2769172376633098,1.2275057146778847
881,0.34703739690367363,-1.5218545892370943,-1.0446174098843746,-0.2132741401187666,1.415518854570863
882,0.3800670100704234,-1.7008949470029315,-0.5529357987404726,0.5729478128302594,1.299274870826456
883,0.5710989696254449,-1.5847139608734582,1.2345326752377093,0.7089308033793161,1.1201447041918484
884,0.5057489248755324,-1.3552109074337495,2.6331222096133224,0.051552093942753965,1.5156942140315053
885,0.5377524744906945,-1.54822675511081,-1.698816716348856,-0.4357990807479275,1.1714246598774707
886,0.2901499099696106,-1.796127127911736,-0.3957658561776339,0.3225031464979514,1.2453258295946135
887,0.37554313695896147,-1.7099397148270392,1.5291247703681714,0.2269577989328423,1.4237580327266466
888,0.3429957885183682,-1.6353797480857681,-0.2485089076920461,0.22610372246510646,1.07475283102042
889,0.44617624882261775,-1.6825811817907042,1.717827823641248,0.755281423907303,1.3532961375539168
890,0.37990095236803656,-1.582526701020386,-1.1544336499904087,0.3295734730247129,0.7320465893025696
891,0.3460094051497448,-1.5656056491758128,1.6602218720624802,0.4091735030461024,1.032417250207018
892,0.36878613774817676,-1.839331852449242,-0.3790175092383939,1.1886636261825037,0.8923063518595131
893,0.2378608666985054,-1.8663607478289155,0.8388479362716909,1.0053923586822886,1.3454181231848121
894,0.26636469187572154,-1.8568059760392432,-2.1327711831623963,-0.006143251281416158,0.8510135521107776
895,0.26541823282052984,-1.7371826397973782,0.3945433001551814,0.2495250653471122,1.0770618826191711
896,0.2891165722815686,-1.6446746487993957,0.9434317080880892,0.1417130663891132,1.2713737384966621
897,0.33187113782179833,-2.0426892338660294,-1.1211321420118567,0.22988794036731766,1.4219333650013073
898,0.41754687793129047,-1.8491312563713052,0.8299246295140369,0.1144930108975524,1.1461552521188514
899,0.5239424625621045,-1.8173966183522,1.1528923040984587,-0.19615485223882598,1.340903271201728
900,0.5926950698707523,-2.018751128334321,-0.0451218556189716,0.8934991714873683,1.3803449178812994
901,0.4589521521561418,-1.946679957991836,-0.8326423871934268,0.3899349718196351,0.7673079911486886
902,0.447669089290887,-1.9607120941593623,-1.0068587374628029,0.6538065095945162,0.5311962597831421
903,0.4377351805638899,-1.6518490338441743,1.978067026833133,0.2529863640630838,0.8330943722817016
904,0.584186027756971,-2.097667729461959,1.5264162918536992,1.5139095677367735,1.0403789069563538
905,0.3794045289570632,-2.190470457305865,-2.6680506911746287,0.143394467251034,1.092932326676837
906,0.49609851927488124,-2.1211331082757794,-2.259277370382881,0.135972800295782,0.6639212492916658
907,0.42708365360036254,-2.007632086994857,-1.4593459450554598,-0.234396352094082,0.463045271513442
908,0.23238062169985887,-1.9054592528200702,-1.940336787561276,0.994365644790304,0.44444368075191665
909,0.5143943520635588,-1.6911649280559982,1.5784956590486294,0.852852426677378,0.7642537545229396
910,0.5762244806962071,-1.8819023678167475,-1.9424345812947323,0.7097045235052722,0.15963016851492953
911,0.3732659078798887,-1.8823489483027291,-0.7618328679175236,0.6358185642169195,0.6499353203902392
912,0.26901404553327457,-2.098019255358265,-0.651507902701948,0.9916065001884512,0.5916661354858863
913,0.22577792060643112,-2.070840559128309,-1.198341118513374,0.6937136031924734,0.9138329768928443
914,0.5284729426387412,-2.021769065790482,-1.0151114797878624,0.1458672355124686,0.6922728245464635
915,0.23223824840622745,-2.1986484781253703,0.5025105016569068,0.3840076280896289,1.2590670925756848
916,0.10982816715203533,-1.9604979324803897,2.0684969586559983,-0.3891270305361694,1.3586342458239622
917,0.2588507354398546,-2.02937850077774,1.3947302011627338,0.41439944151280134,0.8762476030004895
918,0.3392547500365799,-2.125127319582975,-0.26298780302261937,0.6372773150200113,0.49720918737908504
919,0.4200290235849474,-2.0384932105495417,1.3365789971774817,0.5470433523814892,0.8257692170850487
920,0.29665102340183197,-2.153465563566419,-2.6981231089421835,0.5270536298195351,-0.0036001263988996567
921,0.10852706860876934,-2.209624511929772,-1.1473835084986663,0.8244959249205472,0.4423730017287281
922,0.20962637504798962,-1.9352472743732159,0.034484392647677754,0.6099874168642506,0.34126418894777055
923,0.07710584111113794,-1.925044966509994,-1.5814415696189477,0.06635843331058468,0.3991750490747052
924,0.10655351472970069,-1.9345195399996877,0.02535887655326995,0.7434366761992075,0.09065010376159924
925,-0.051479909787294546,-2.262846601918775,-1.7545896165780475,0.9303527266935382,0.00891673002066153
926,-0.07018184241998186,-2.1869276779525517,-1.734334274115349,0.35252938597260314,0.641370962962354
927,0.06824100159987846,-2.1623670655344287,-0.5391220131964621,0.33244494627590104,0.6629426556353202
928,-0.21802914051301267,-2.2425340810338388,-1.620764084014149,0.492110680817915,0.6603380260254104
929,0.02773397112192232,-2.282661813595338,-1.0734771617719994,0.11374303476666546,0.694649755594545
930,0.005348199849432097,-1.9761127472808913,-0.9663457121582485,0.24232041765566895,0.5759993846962465
931,-0.17328803474133378,-2.297604106725973,-1.4327981109036567,0.934145703792479,0.44889492849867174
932,-0.16707323815801292,-1.9130796511570838,-0.6698155612815,0.5850290100672085,0.31284272489249193
933,-0.04693837423092137,-1.8494690959952433,-0.445158870111449,0.24886290746365816,0.05700190956342898
934,-0.004863705572741464,-1.9173437238167192,-0.22617022132768816,-0.29754911084406743,0.5713562963950473
935,-0.18761795284617455,-1.8049864314025352,2.276977467129194,-0.11625778994803548,0.6530183961102768
936,-0.3161726359321692,-1.9858272020686198,0.7882342936404108,0.7059910446587455,0.5657585616110736
937,-0.38420445111305235,-2.06595503133733,-0.71191353207999,0.11663049531159453,0.5098676814113713
938,-0.34094963164418723,-1.8189199778020853,2.0651889450288072,-0.165042641867176,0.4353826044955459
939,-0.350850108041444,-2.0382132256753303,-1.4911755280299401,0.17324928385585292,0.28527184312729603
940,-0.45280628284908775,-1.9519310120977127,1.2620657388227705,0.424314062811407,0.5295865142689762
941,-0.30221495085911,-2.0164742617375677,0.728341221016612,0.13927550555116977,0.438662508156628
942,-0.3572679578008152,-2.3230062927394943,-1.590881129167885,-0.04166495572148887,0.6759510717710969
943,-0.27197807310122774,-2.1389788785239174,-0.12412435149587955,0.10559973672874289,0.5165470985966615
944,-0.26319640553791784,-1.9156914873361903,1.0189965856991265,0.2568587874530063,0.6354413929787434
945,-0.5653216642976366,-2.2275714546204357,-1.6958185865957947,0.4931031627659985,0.2020164908231166
946,-0.356262417232281,-2.134686985416688,0.9471577846809042,0.1194606308109283,1.0877865442962689
947,-0.6096523864324577,-2.1341964276670984,0.994229471495002,-0.17301896324280505,0.988390173513413
948,-0.490859885905597,-2.123829847492975,1.1566927771299595,-0.15942361016865603,0.9684513219820905
949,-0.5368730551193359,-2.2794212020474705,-0.8913424326425646,-0.4312108949548176,0.8613101231409561
950,-0.5210181099785627,-2.2282346110243774,1.7760328585895861,0.6478851619085506,0.9406323483371244
951,-0.7282837692635689,-2.1876196232136285,-1.1787188240727458,-0.28740942650982637,0.5387227634555302
952,-0.6463206095183055,-2.1566083846960837,-0.8409512561776289,-0.35181425268747235,0.7907881727696778
953,-0.810219018146117,-2.1209687282883762,0.5390719392783897,-0.06229968158039411,0.7444238104180922
954,-0.6250220413767622,-1.9919848888721792,1.7351789855538227,-0.3150510799702912,0.8619858831204024
955,-0.7062551627932946,-2.1994634766688415,-0.32584920032886927,0.16231659500729215,0.6815191427045648
956,-0.5996639937000521,-2.2061078984363918,-0.13017460278061244,-0.15273628265288522,0.7811333968465183
957,-0.8626806254863341,-2.1954247116661803,-1.595557755708798,0.007122146113178644,0.674223259675422
958,-0.7143146648895161,-2.2244770279856416,-0.8976805100454002,-0.09761236347611331,0.560210716955016
959,-0.7666462934561913,-2.2079747312134277,-0.6378394105878958,0.07407188733811412,0.4164531336605184
960,-0.8222396231178459,-1.8693188127131968,0.37115781697164196,-0.3409244417858606,0.42264932846434405
961,-0.5590795414735077,-2.2308628274012365,-1.1173988448588499,0.2431650405601508,0.287963857015663
962,-0.5975830692186608,-2.1571857576980618,0.5846911457281875,0.43971634664565024,0.6154674727875881
963,-0.7518157038492002,-1.9544878212452177,0.002193235191534227,-0.02229398218387112,0.330517387763248
964,-0.7173987244684086,-1.6742887393720594,-0.10548785132206184,-0.45219999440939435,0.07676350845554855
965,-0.752730522450068,-2.1448951858080374,-0.6409798505981688,0.1274579651440128,0.1474291873834095
966,-1.088477061913315,-2.342912373126022,1.4415102923065617,0.32934497682369784,1.203753655620875
967,-0.9959728791946207,-2.1860331384314478,0.4657379709667178,-0.7521878956686849,0.8670470589379012
968,-0.9710425051417774,-2.320206378241843,-0.891148460371187,-0.246140601024794,0.8056868264660686
969,-0.8971233579725344,-2.2165065892160984,1.435580497577157,-0.5917718999958951,1.2524713689944458
970,-0.9144793532819535,-2.3229056855047374,0.9126914008637043,0.009882776792638296,1.0736268000908749
971,-0.9631456691366801,-2.1894231841725804,1.3977433456369284,-0.5681597677821149,0.9183456972511318
972,-1.037940370154179,-2.245530381611923,0.1026324979838385,-0.7355648820602514,0.6743936342916736
973,-1.2613184529874624,-2.2585521506749875,-0.042898671340102966,0.256992257854593,0.7286239196328959
974,-1.2821589428902245,-1.9911424799232067,1.0008489068989912,-0.3327237699983635,0.6800205621355868
975,-1.1681757737687803,-2.0019203378581882,1.054965203526537,-0.10534210517295148,0.6262942483330721
976,-1.170784954565788,-2.013971774225245,-0.8023138806749501,-0.34373236969795506,0.44696849993320487
977,-1.1343377719931704,-2.234685866427592,-0.5423273881423979,0.3606366328405919,0.2920143056020943
978,-1.2942586245912593,-1.989846826153977,1.0284533006638994,-0.449775621383462,0.6704659418623065
979,-1.0856565964030807,-2.1413387025049735,-0.47463816700554295,-0.4807019390092218,0.4008327087473062
980,-1.3206816245131705,-2.151014039942806,0.8146936697038515,0.060100894251370274,0.6388295918486985
981,-1.3415930625616193,-2.067499130419883,1.320289515253724,-0.052177433766033725,0.8596828849693379
982,-1.2001087198210822,-1.8743742384370772,0.7472035997281539,-0.7346084673463324,0.5631862173535899
983,-1.2943789564112707,-2.210189678560157,-0.9305249258208519,-0.5045443772669843,0.6172136520724217
984,-1.2165337492307884,-2.160412583173504,-0.6812535210469424,-0.3262871257378968,0.7666476508305958
985,-1.3247204463375093,-1.9885776222331069,0.968271776270223,-0.44946128318017264,0.6373123093590757
986,-1.3299990754355495,-2.104861311792314,1.1711201386781656,-0.10509288790100806,0.671471338921086
987,-1.3586673932558324,-2.0473168986641967,0.2417927173355616,-0.348938741427964,0.5713425434880082
988,-1.3274496729280123,-2.0434565418072403,-0.11687576035973996,-0.4234267233811028,0.858064732394408
989,-1.2872233433731874,-1.9626530388121344,1.290350848465762,-0.6115853737231357,0.8892601308083479
990,-1.2326677546478249,-1.7895312819940825,1.1501507300193714,-1.0772158767132356,0.3052652013462993
991,-1.3577750126427997,-2.2071329346989645,-0.6055158006170077,0.5211447784736071,0.33397559543884175
992,-1.3657086018399849,-2.086291611515286,0.4187946782742223,-0.23607545438018468,0.3448446632144914
993,-1.458456941617564,-2.1791527479180797,-0.5967681037335258,0.02530206586622569,0.753528674289408
994,-1.3986220062024386,-2.0451348290477713,1.2216880924169653,-0.050830560088244874,0.5838010372898451
995,-1.3361129359541968,-1.9629179882952694,-0.16246701016538756,-0.5296018097867767,0.5153923567934107
996,-1.3534017252866977,-2.0840185494385195,-0.28800709237431166,0.08286012487826115,0.09283832416780079
997,-1.3942616836713857,-1.9635204882975132,-0.8233253214734715,-0.938967879495798,0.4862722888899176
998,-1.632661097318367,-2.175563418646481,-0.453773678236441,0.11182742041501216,0.4818498086524132
999,-1.4315492538459604,-2.164619146476921,-0.9467399757389436,-0.16415218439432488,0.5922422444803704
1000,-1.310418794120341,-2.1378811728003875,0.24078991669957037,0.1234743992606197,0.25293965037184696
1001,-1.2953876572196361,-2.045615161299197,-0.40407763089548876,-0.3019456452432752,0.41262108994084945
1002,-1.491601316333556,-1.9695987009366018,-1.1276753776785384,-1.1143133564515886,0.34846794121109126
1003,-1.323742104758605,-2.04982845070633,0.8235162405183131,0.0007844881482341235,0.10044021451508438
1004,-1.380417386444507,-2.0218879306189694,-1.1287815353153463,-0.5420503685287291,0.25950357386395645
1005,-1.396453709587953,-2.0823542827319907,-0.42555083636771573,-0.28956933112001604,0.2813227929567946
1006,-1.3767812677558358,-2.0333394145225654,0.4533312142797461,-0.1233909584478048,0.32615665919166664
1007,-1.422611572580994,-2.0689129117752842,-0.27571440463563324,-0.37573662814641007,0.41002603516538644
1008,-1.5062880372870529,-2.0425813671752975,-0.6537187800684803,-0.15909594471914482,0.02755095590909375
1009,-1.5731176860047846,-2.1456903404735685,0.9732279256938084,-0.2084801424657431,0.8100671014225241
1010,-1.608015146214577,-2.382955615341487,-0.7370780301853993,-0.3637577128019843,0.8261240681027177
1011,-1.6047610057427115,-2.291209326684918,0.7616820929963021,-0.3395179454560714,0.7229603368301095
1012,-1.6189125360784042,-2.1247312114413637,0.8469438236324909,-0.6730393832857087,0.3343932738007434
1013,-1.6969108666317778,-2.2407160315387835,-0.6672386606245084,-0.37323915597101,0.6776534340980179
1014,-1.7197837693735734,-2.0382747362133635,0.9395554021923173,-0.5352805673892288,0.9452473562965065
1015,-1.7391216616293181,-2.13720526521854,1.2176952398964205,-0.12743291667423023,0.736036712059704
1016,-1.7511296267213734,-2.114061630407006,1.2137560764413933,-0.03870114784454172,0.5507030081043813
1017,-1.7996487601695574,-2.4682937988048894,-1.1467036243345814,0.0998889037391075,0.8150696737941349
1018,-1.8146655176506739,-2.198422162691348,0.5339879882731037,-0.06238218326218368,0.42189314612658235
1019,-1.6681893225664535,-2.3177932036044266,-0.8677060253951268,-0.027987660369620488,0.2682305174115814
1020,-1.8839097962703515,-1.6869375815876526,1.480456665822404,0.5739338007631012,0.10469941497179679
1021,-1.897808225413462,-1.616426376147916,1.2495151848950017,-0.2068643555132465,-0.010157093267399366
1022,-2.296533059069034,-0.8935277084834331,1.7219805980593215,2.5222926886464703,0.4450123485749322
1023,-2.10469292889099,-2.1358234048031424,1.9885191052767799,0.21796918759012224,0.8895554280260589
1024,-2.0288140169892284,-2.202065801879382,1.4149770911902848,0.1697540658026936,0.4948335217359605
1025,-2.060026202870815,-2.169228713859491,-0.4466786751941872,-1.2968398108653916,0.7389065039851695
1026,-2.114991803862008,-2.4452822480573766,-0.8923642489702894,-0.534433472532091,0.8340958923152112
1027,-2.2012110825634,-2.574024546285885,-1.7620169853499887,-0.04650601033952417,0.7936420437560845
1028,-2.2446000716624535,-2.4640232324458364,-1.9348254079439318,-0.6930394783076951,0.5992767323046427
1029,-2.1691068775423217,-2.435384730726539,1.3840370449545565,0.2336198091437554,1.0583236755914363
1030,-2.118388082278525,-2.3201380602073365,-1.240292927117256,-0.6343397247989782,0.6669415036839829
1031,-2.308146870685719,-2.2669537529506347,0.5832094966841631,-0.6501925928160289,0.756677028980541
1032,-2.209864313453186,-2.3132710827395666,1.186482597645845,0.034717233639602094,0.6541476747177285
1033,-2.1058628826027874,-2.3515900612238343,-0.8110268979697463,-0.363103928964723,0.4222116891920187
1034,-2.234508848853323,-2.436810813671094,-0.38813298346576597,-0.2857431936474924,0.6408522750439669
1035,-2.1784419592010735,-2.067021865270125,1.7686366275623644,-0.49882154248255556,0.8629306061096783
1036,-2.222331832541933,-2.2648009908043094,-0.804127717111404,-0.7272710652182849,0.742440336379794
1037,-2.346687860768382,-2.372853122539665,0.6718728535002338,-0.3721704724898396,1.0830247204294625
1038,-2.327692430797908,-2.3827938327751443,0.13090959160428958,-0.6787943559378601,0.919985249200035
1039,-2.1387885834575417,-2.3508836184069297,1.2337285758618501,-0.9066222064558175,1.1766191163152886
1040,-2.3315534370246724,-2.3882848657284304,0.8374016171962614,-0.5046797355266638,0.918616693247321
1041,-2.1421603684329145,-2.3938365150836916,-0.2286757079140422,-0.5603240811353967,0.8356622211308831
1042,-2.2436258550982022,-2.109642372110827,-0.038474486819949076,0.23227685026512368,0.002266233412398747
1043,-2.234590361285147,-2.0668415966538722,-0.4643286835428019,-0.24302236094276705,0.042854432524652965
1044,-2.3171835169118955,-1.856300823926665,1.3012903727009268,-0.6903066645923565,0.6480366968179576
1045,-2.102487342790347,-1.7491548267788326,1.8498303597808836,-0.9796084122421769,0.3360861190507525
1046,-2.2055131271733197,-2.0584164544656263,-0.8055380295411168,-1.0256504922859815,-0.15035753224939544
1047,-2.319380429471365,-2.078590741663921,-0.30117442064563743,-0.843987717220071,0.06792939227449239
1048,-2.1468682390640197,-1.9923007298256947,1.205922995921288,-1.0569464881717388,0.7799032867986094
1049,-2.481376012009131,-2.0773083805427546,1.3724427490189401,-0.9155030150528951,0.767728114104462
1050,-2.255572505747334,-2.0589427492798476,0.5601885210901907,-1.0590757613863833,0.5687832669627615
1051,-2.2371833913918513,-1.9768937228139847,1.7585881376893164,-0.9468669385087461,0.7149435168982543
1052,-2.3655050327567557,-2.36540552894494,-0.9978356715183109,-0.5792002506300693,0.6499821307351848
1053,-2.4317062460806844,-2.3203999657552132,1.523017899490489,-0.027602205062441945,0.6941678983609756
1054,-2.356724368357362,-2.159566140958222,1.063723510462935,-0.6761467837184896,0.3535913479043716
1055,-2.3996619674803634,-2.247740960127281,-0.2384774222211163,-0.9202282495375917,0.661735295733508
1056,-2.3502755699249858,-2.28212131253078,-1.5835224348475128,-0.7610903295699443,0.45677380225141867
1057,-2.392324253468476,-1.995024073495824,0.5226555978795959,-1.0244655708577066,0.573233840155651
1058,-2.565961389404659,-2.232619623561517,-1.30240432099339,-0.032475546767583886,0.31929920902259773
1059,-2.396343561871352,-1.918472139761188,1.6886210579335938,-0.7979832117013247,0.48132176768423246
1060,-2.327100276457048,-1.993600360125107,0.6345532993652474,-0.8048395365997382,0.2675152105723543
1061,-2.4957038759669117,-2.1328464794129585,-1.5791516139289015,-0.708489129139908,0.11668762733332548
1062,-2.5784649468796474,-1.7226806537651083,1.1652373562577458,-1.2680230571185929,0.2476696634695428
1063,-2.566243774919035,-2.166854908342613,0.7619836853015058,0.28103445371297225,0.4044346810081678
1064,-2.5039489305233293,-1.928171786513463,1.7355603052620163,-0.8744198792335601,0.5210519258614984
1065,-2.629162699176689,-2.2140989718183994,-1.2841676220717515,-0.7776968533638764,0.5458309733325248
1066,-2.3877288417605276,-1.9838191347081067,1.3469722997578621,-1.0588881452110512,0.4392807115075794
1067,-2.4654254767601347,-1.8591914704218055,0.8739271763751885,-1.2413556899021998,0.30340941650320374
1068,-2.5497845472687315,-1.8950920319496283,-0.061416933772037205,-1.1717650468825032,-0.057197175553593285
1069,-2.5120624506774574,-2.0795398727746663,-0.36629873511374694,-0.7435808068315422,0.5338229885837471
1070,-2.6844975597536935,-1.865964932804445,2.046509475221369,-0.6999437617676593,0.7053203769387464
1071,-2.532389694167535,-1.9302541466303895,1.4062996058166233,-0.6634935534359555,0.6030170107107572
1072,-2.608175220582315,-2.083978305168145,-1.7534594941560449,-1.239256928468148,-0.21103610009081694
1073,-2.572407419206706,-1.803699826679642,2.0229504184121856,-0.8400829826712761,0.38797088125245743
1074,-2.7169680742605635,-1.988593986426636,-1.028070536728132,-0.6843396955653298,-0.18075608743068236
1075,-2.792108468705139,-1.9480694619596324,1.1919500178627425,-1.0703422195527033,0.43490635768148206
1076,-2.792144413860196,-2.0633075923774946,1.1553781202548667,-0.8517874353491287,0.41061485946072146
1077,-2.9006571621053854,-1.90494533602643,-1.3324262015693198,-0.5974226068700874,-0.2349226761241813
1078,-2.756749956910431,-2.080467071912377,-1.3701903518750653,-0.495334218805672,-0.005865205796781351
1079,-2.8375878139445834,-2.017486918576925,0.5921446537616714,-0.15133023372263907,0.3741203992045421
1080,-2.782606358813147,-2.1122692795110227,-1.126179578791043,0.042460594649994805,0.027988269590809425
1081,-2.8921434285621728,-2.0509648274663745,-1.2056309154589837,-0.13543315412292714,-0.009990956122713049
1082,-2.8915616455154782,-1.7970050814214875,-1.1451175351158185,-0.6650654180308085,-0.3794661543121254
1083,-2.850030736362866,-1.8909923699939943,1.6612208480620583,0.3744680677971214,0.06581573815236551
1084,-3.0718042603479097,-1.7723951931877473,-1.2424882723430972,-1.0026954897465479,-0.025030696931223253
1085,-3.1515834046738815,-1.8329572211347216,-0.759606416112276,-0.6219489395369266,-0.23274649623839871
1086,-3.0440835944632187,-1.7223348575829853,1.679126056085157,-0.5284213228527189,0.48125357783524414
1087,-2.937457891847063,-1.7361314536123016,-1.6160491799721983,-0.9886246842896304,-0.37040563590496306
1088,-2.999018244347164,-1.8623437984408624,-1.336417811736128,-1.0878168962305559,-0.10276964435647341
1089,-3.038434467950035,-1.9463082776398926,-2.018257514112946,-1.1206423004271784,-0.10457992530183081
1090,-3.0180566558746205,-1.7615724248163662,1.9083271841622234,-0.9027067335199612,0.13989386209176088
1091,-3.1473054053529874,-2.0215967422122394,-1.06854491634174,-0.9915488286616683,-0.10726915846751006
1092,-3.0232123947481133,-1.7799419449406104,1.7197375727089426,-1.2668387668753787,0.29313696596460703
1093,-3.0932042288880344,-2.0236847852264117,-1.5080227478196861,-1.176111529132853,0.09693363731558122
1094,-3.1586125583329023,-2.0088503775369473,-0.965982392582684,-0.8087321017966149,0.08544187771932113
1095,-3.2192554038053096,-1.9989360747775144,-0.5037483605666965,-0.4826786604519458,0.23338491372255665
1096,-3.129161299964488,-2.055802222141724,1.0103581754488438,-0.4557800927914235,0.43875631477861365
1097,-3.0560933508513175,-2.216217442330753,-0.39267271787348773,-0.5069421188241111,0.3491469733353187
1098,-3.007910834550994,-2.2032160310396613,-0.48122048548187973,-0.5399604724768332,-0.0007528191722617156
1099,-3.1518570743766703,-1.995031346305499,1.486819837615014,-0.11119745333650366,-0.004400107892380037
1100,-3.192871982857468,-1.9610511925804914,0.10784786766996977,-0.4820303702404869,-0.08700563152263668
1101,-2.996134130767041,-1.854301545251728,1.0808128900066862,-0.288728373944039,0.18290958140618965
1102,-3.0034443073144095,-2.2569792050335344,1.163362750747398,0.057888927702094174,0.8217742631961071
1103,-2.992194573345682,-2.1309144533955844,1.9545372787099013,-0.5334182338359909,0.9108578702154354
1104,-2.9712348125120367,-2.351679958360439,-1.8658708718099224,-0.46869566755321546,0.11311895093908964
1105,-3.023985256565906,-1.9549489470765509,-1.0761810689878972,-0.4160020835375087,-0.06629810985409523
1106,-3.062144751051111,-1.8673445010853404,0.0942559838097348,-0.8632067333643225,-0.27340818102931186
1107,-2.952385042703839,-2.2102699126136303,-1.533877299164084,-0.9097836734648226,0.3214003799872039
1108,-2.9634144880099766,-2.1198855552521056,1.9215867968199363,-0.5459350004059571,0.48837323443566255
1109,-3.158443896835022,-2.061116146374635,1.9538869738407427,-0.7203828886635981,0.3570433383221313
1110,-3.0823307889613165,-2.23979494369569,-1.1778862555120622,-0.613558143401861,0.3667283361453139
1111,-2.957709587909879,-2.0979234549345613,1.9821888277942525,-0.431134414684575,0.4251891835912225
1112,-3.030136757680599,-2.10413294752864,1.2442627759833709,-0.379403018690205,0.5561575126341245
1113,-2.887845794091357,-1.7625738960294524,0.8452454336786518,-0.7486386037069136,-0.2948947140623369
1114,-3.0491136981895686,-1.696841355243343,-1.5723227915498381,-1.1331028112947703,-0.3766992500746979
1115,-3.041518295683926,-2.062337181649978,-1.85578231876324,0.15724199241209832,-0.4161078890458183
1116,-3.027665418111979,-2.0155459839600947,1.2304833727527205,-0.11113673562023059,0.2091596680578474
1117,-3.282626908125515,-2.013046997559713,1.6927396077965629,0.5276667054422716,0.36912697120928883
1118,-3.340952688834248,-2.069886649313578,-0.9999348109874905,-0.02084031672093093,0.19242410360551543
1119,-3.4549063397105946,-1.9334157658174915,1.0492655628740866,0.30404314776516517,0.21681153294399172
1120,-3.335949934203419,-2.102813272601995,-0.5015950348801864,-0.7523321168502186,0.1665875136339929
1121,-3.172930327998132,-2.307955920461226,-0.8542914344903134,0.05332767032364624,0.21868162052153942
1122,-3.278054349029726,-2.0421214484557564,2.487237280069889,-0.33390197453732967,0.3538274724543793
1123,-3.491343792526182,-2.1232619877699768,1.2244683998241255,0.1922141187788679,0.11009469603174833
1124,-3.4069678938836088,-1.8349691002838382,1.7722584418841074,-0.30663230511687073,-0.4829799463597001
1125,-3.4471391112007854,-1.9606518631806897,-1.1751454915878046,0.002552801550774503,-0.5557548427873743
1126,-3.4832331935116794,-1.896094686106038,1.5440558072734407,-0.5886415664612127,0.07762438894568294
1127,-3.566985820655639,-2.4631627053670018,-2.5260144003588163,-0.9739690904811151,0.3731896451906418
1128,-3.468770369384669,-1.9621586272154532,2.4431096700899766,-1.6206653931022434,0.3183420735809192
1129,-3.5022272741327973,-2.1312624798370696,-1.1472061258167123,-0.36006523692876385,0.13390938649863246
1130,-3.434582293216369,-2.00258588709972,-1.69840351773393,-0.908142142160626,-0.4473597668401306
1131,-3.4558451163238444,-1.9161648018044484,-1.1982721056836705,-1.3422564389065388,-0.14041087618201437
1132,-3.518125446711477,-1.860473678263048,-0.9512679691605567,-1.39810206296808,-0.37876658381048106
1133,-3.478670342821327,-1.6387377052255518,2.090737206767053,-1.2502813516056712,0.24271586195328335
1134,-3.4039458350771374,-1.7687523346279506,-0.8753331693931756,-0.9194449440320694,-0.25897273879288213
1135,-3.356601546457614,-2.2468605937348385,0.19063968750733595,-0.744140595985285,0.2852294570245493
1136,-3.1530496805704895,-2.264453546829162,0.9258908360949836,-0.6370452030142477,0.36138783965562943
1137,-3.359784558469529,-2.2665095238770703,0.32522735736775504,-0.15767325555255682,-0.022643940367946286
1138,-3.408999917313983,-2.0986506023596587,1.5773487171636056,-0.50157503155887,-0.17909838200337017
1139,-3.402715516844379,-2.063675813864447,1.6614987518395665,-0.29779647959354916,0.3420728093771421
1140,-3.3563066418131218,-2.2794664168540515,-1.9025295621742246,-0.6228516458542314,0.4146199155521344
1141,-3.35200759012559,-2.0294786960197517,1.273122513858676,-0.6609768704466163,0.36439441145210916
1142,-3.358512868916362,-2.196357750241857,-1.084385987285324,-0.6769699306754872,-0.05015442563558435
1143,-3.2787290326475307,-2.171537043866679,-0.04629904390583868,-0.828669883946861,-0.047067300719070566
1144,-3.4188593123078985,-1.970330715084081,-1.3601858069805843,-1.539045713980388,-0.12804487601231257
1145,-3.3531333250028017,-1.9388545086263111,1.3546692512586231,-0.9661516029886601,0.2869061006137512
1146,-3.2696014288110096,-1.9956892218706057,-1.1629562344950666,-0.9042143552128851,-0.3524236159248463
1147,-3.2952015211989107,-1.9881079046859933,-0.4328755934376525,-0.6345259338558548,-0.44504676734387355
1148,-3.438377143346902,-2.053924434848676,-0.4185819675356814,-0.5241180590224684,-0.12667969414059932
1149,-3.3125153629626665,-1.7015205412005738,1.3143286436097465,-1.1254239294426278,-0.343229675590764
1150,-3.2567946121903093,-1.566334904368442,1.436931452767262,-1.243732080146341,-0.26815385330051356
1151,-3.473783437372495,-1.9578339041118986,-0.5981587256937169,-1.4131609066975677,-0.15908363953113436
1152,-3.38976236413872,-1.8322706656168202,2.2879698581846926,-0.9122151799461647,0.012039355614946476
1153,-3.4382583717409294,-1.9206255731873603,1.14493789398442,-0.698081528410932,-0.35125621857000305
1154,-3.4053563663355235,-1.662130880311318,-0.6244617409001146,-1.1281010933004874,-0.7068645023564843
1155,-3.439035066840166,-1.8982664700007832,-0.6596177421580512,-0.6958338128768208,-0.5670183954022061
1156,-3.5074495478960195,-1.9193629920805302,0.4264834591051193,-0.15771501345765576,-0.4608563940237756
1157,-3.4128415794945357,-0.8371105342337444,1.0815038066547213,-0.25755267790928305,-2.063640716527372
1158,-3.3222230031087303,-0.9873185220830999,1.8229635702283002,0.09814841006370226,-1.565641338210311
1159,-3.4391572519400646,-0.9264267195545721,2.151069277671309,-0.13368910770641299,-1.2931494785725963
1160,-3.43211295561618,-0.8223725998222247,1.7540742862089058,0.009855239859892161,-1.8645567837996733
1161,-3.554967812071677,-0.7996524701679458,0.6490377518983986,0.008411490246222668,-1.9686008177634224
1162,-3.528576334000429,-1.3324616596277368,-1.0596025332429893,-0.41782009886880767,-1.705742507223662
1163,-3.396500963754318,-1.1643850278709522,0.9971768761863472,-0.9394935383274045,-1.2183023290249546
1164,-3.5775919517290897,-1.5217511788509017,-1.2992820100848275,-0.5789994494858791,-1.0393007360216457
1165,-3.405496296821948,-1.052432714766192,-0.6290818226577429,-0.5834353772767399,-1.7190001347073298
1166,-3.4974217938705316,-0.9304487349946651,1.639193347249205,-0.6151936912465372,-1.468305388435899
1167,-3.6739707170448104,-1.1853806730680236,-1.3915614115239865,-0.015671676435618592,-2.190857417382112
1168,-3.546837602039387,-1.1003961937948665,1.7275088866354105,-0.5303145844746753,-1.2939874494811872
1169,-3.6698734512396705,-1.3160733697902662,-1.470332237905111,-0.4269213180617882,-1.2516020136582269
1170,-3.687752568405852,-1.3723545878998766,-0.21691302592223852,0.2704611496930382,-1.5773166042778126
1171,-3.802168536018401,-1.1575010591145094,-1.3659238254656094,0.04295896251273949,-2.1171049556067834
1172,-3.6129650564243336,-1.0035487901937186,-0.4682659700479567,0.2435429477570376,-1.7821151519858414
1173,-3.6659332151732786,-1.0011090453408262,-0.5331090274757004,0.09677347084036467,-2.2471739066423173
1174,-3.619129966808395,-0.9644690975696477,-0.23001441485064747,-0.5777537388032519,-1.9050785056858557
1175,-3.7820877168217497,-0.8363338591062031,-1.4578820326047386,-0.900735139846534,-1.960010821107736
1176,-3.842134825993177,-1.0185780378627058,-0.38625108463468716,-0.2459047552362563,-1.6326069736115947
1177,-3.8236391919831103,-1.0421597442717887,-0.41301490233597093,0.31070466125154467,-1.7015506393620754
1178,-3.838876011845014,-1.0729687708341746,-1.3184488976766695,0.2701569538477125,-2.059295378741648
1179,-3.903556205298762,-0.8930249295977444,-1.0238265792546062,-0.10409314437395811,-1.9418847666241603
1180,-3.6582829899021982,-0.8470087741688791,-1.4050774757946882,0.1980440797171762,-2.303848344447422
1181,-3.784038169363995,-0.6992291653241642,0.9879634860553264,0.2665387796752696,-1.9714425121833394
1182,-3.852540440940818,-0.6117947091935863,-1.169131799640624,-0.35482567379577096,-2.5405423728415357
1183,-3.8655265093844458,-0.6713277566192005,-0.16284633575414115,-0.022765076201675283,-2.5648777699796894
1184,-3.8311502872518326,-0.8549009601847349,-1.5054029859416822,-0.4953434548962126,-2.0963545473009697
1185,-3.805335257335041,-0.7011300093044944,0.3951222191794326,-0.8638856519174408,-1.9519340755782524
1186,-4.018756924704259,-1.2320970486729823,-0.0620588908716728,-1.5924089209761145,-1.757546369927248
1187,-3.7404936751805975,-1.5012601880438634,-0.9782781145897492,-1.1215599604040771,-1.5467275728704093
1188,-3.9015865731391197,-1.4146088793786682,2.0917082491796615,-0.5220377627990804,-1.1443258331919084
1189,-4.06240984961127,-1.2646727934701654,1.4787570130526084,0.17838803558989355,-1.523736139784326
1190,-4.064773450678217,-1.2907888301107642,-0.6253952689376217,-0.11149600452578387,-1.700926460145284
1191,-3.997661013468573,-1.1633825049507285,1.1407987029814206,-0.7748220520521324,-1.2317643030329908
1192,-3.966503139130951,-1.2501648840965804,0.4467748065731676,-0.6299030333132178,-1.5028264635407227
1193,-4.03772122219374,-1.1231730897688907,0.7063699187256656,-1.1145239369917077,-1.2824978667754943
1194,-4.020692083705879,-1.1082869647223192,1.9429958773231069,-0.83615892299859,-1.5366921230437263
1195,-4.034382132413394,-0.9942119228512029,1.8020715666310696,-0.9412340747832892,-1.2404958078053223
1196,-3.9692763015328816,-0.9802963388434562,1.9221401527007929,-0.8248891656053028,-1.4096617307190804
1197,-4.142058553849562,-1.0441457317670104,-0.7504246064434956,-1.811971126472345,-1.3431570445416205
1198,-4.14940744478938,-0.8603771091477845,1.569472707612304,-1.6183766616991027,-1.4800660765762772
1199,-4.34247067836064,-1.3443294951320017,-1.759928919416172,-0.9861780344635234,-1.6648985156023568
1200,-4.185916527248923,-1.1301897826854543,0.5511482209243197,-0.3088329987796878,-1.6015400881516526
1201,-4.174365975470277,-1.3864209079123615,-1.7211183567998005,-0.40427364462583126,-1.7572718635424376
1202,-4.297434516687741,-1.514049184545476,-1.5151372819231692,-0.31943906712302134,-1.6121737405847223
1203,-4.239538582515436,-1.3955142163814604,0.7485711542488438,0.13473946791603286,-1.042472939101694
1204,-4.135589942849302,-1.2421952083753618,-1.5328968089240482,-1.296768874992378,-1.9196995328677295
1205,-4.079554271620852,-1.1493912558050932,2.2299483303986953,-0.12037692157892727,-1.383700320901733
1206,-4.265296675654843,-1.3040811208166154,-1.3811486204415633,-0.9787594701980631,-1.7364730071959171
1207,-4.3417335199588285,-0.9309420340833847,2.2225324216794458,-1.4017561554620224,-1.1941180214378715
1208,-4.260385578896953,-1.309789522444208,0.7818127632147853,-0.6435622801807771,-1.3010022553731124
1209,-4.248033812457552,-1.430537021786363,-0.9180344612001426,-0.9541962003357017,-1.3631173466707536
1210,-4.266885667814902,-1.3099947476196787,1.578244627266343,-0.4822620550870695,-1.3517022344379035
1211,-4.287506793886653,-1.2762122310911368,1.3027067687474756,-0.23813518811521886,-1.4952581615867537
1212,-4.343735240340505,-1.4131288930108956,-0.506249454849882,-0.8706851966071566,-1.229148051007537
1213,-4.397888577830765,-1.1057714550424413,0.607953381437111,-1.1092523951140827,-1.7977947651348594
1214,-4.457693253170413,-1.0555658191331545,-0.19672715943658808,-1.4202136386851985,-1.8081810786144228
1215,-4.32973616750671,-1.0441442925086166,1.8835681017763177,-0.8230658798049628,-1.2082637504070715
1216,-4.391492079356868,-1.2878112358443161,0.9692924305323507,-0.9011995109621583,-0.9197357013328061
1217,-4.4524132316812395,-1.2531972688975435,1.4577947959030926,-0.5784613612030844,-1.3267030779417548
1218,-4.698466651655314,-1.4494522490942094,-1.5779146167611118,-0.4368510085659439,-0.7263415712459244
1219,-4.47097598982223,-1.5940144898825994,-0.03268819114670278,-0.8833316644878211,-1.2413225499659875
1220,-4.326500484598048,-1.501659201176518,1.761266517285272,-0.18252514065717562,-0.8763305600491924
1221,-4.451506270702796,-1.260816176415369,0.8501213046015978,-0.40346135301359987,-1.6613549982788685
1222,-4.5171821860878145,-1.256096695362518,-0.2988321326213136,-0.2526678877761934,-1.5434010644582936
1223,-4.447695556329163,-1.2668549107155533,1.2756961384608483,0.3731728612650575,-1.522427776824846
1224,-4.662638298727813,-1.1584720343190347,-0.5878238457215235,-0.6067107269516422,-1.7613793915544336
1225,-4.502410208680179,-1.39726787970364,-1.233391347634785,0.14728789598051253,-1.9430010449465605
1226,-4.514644236409161,-1.0672749881212253,1.4056026716452277,0.06762458449472564,-1.7114028334016618
1227,-4.602713571255811,-1.374942349386914,-0.19563208295954232,-0.2976054479711555,-1.1280114089104076
1228,-4.457634231363375,-1.2536560954536862,1.9306934455510583,0.07798342101373694,-1.2952231675819874
1229,-4.656304208806481,-1.4281865777350045,-0.6951098151576364,0.11531564828812665,-1.4706134073814072
1230,-4.357719258960151,-1.2202360115796471,2.8728953881296047,0.21697918466511423,-1.2296600431316214
1231,-4.672785152561171,-1.6122436403650031,0.2683049170427378,0.4171090117266118,-1.0258482238156406
1232,-4.691983337293896,-1.7323756036663902,0.504247737192379,0.2869482301555174,-1.2413104007041544
1233,-4.839255991485428,-1.5549690498261173,-1.57975913055595,-1.0056128266403228,-1.1230199088068746
1234,-4.592388692574856,-1.4032469923559148,1.382474237670129,-0.8335651076029249,-1.0812202333761092
1235,-4.643554112813806,-1.6788199208575512,-1.1040481357495469,0.046270109886900244,-1.489824915157437
1236,-4.62083937498907,-1.3459233308067962,0.04815104021499587,-0.4140483094734702,-1.5678870388414925
1237,-4.591916363248692,-1.2148084437749502,2.5171359161064877,-0.67800496325686,-1.2894217599996418
1238,-4.537434058304841,-1.3315378436838536,1.0426646374899424,-0.2372963371104605,-0.9630103110161672
1239,-4.605726365784663,-1.6286609313575198,-0.5059448874673976,-0.7304764582729079,-0.995656015975062
1240,-4.430629675515682,-1.1641531657484143,2.3323724291661354,-0.4800172383503919,-1.2455967559655448
1241,-4.563638361878768,-0.8929218505099209,-0.33465216768987016,0.20082109604959492,-2.529913965898487
1242,-4.48101789643089,-0.6778434847002399,2.4849261109702523,0.6008920663020308,-2.5115634103049085
1243,-4.459617807245395,-0.7710924475275917,-0.9705017723621754,0.07406086831378969,-2.687232583601199
1244,-4.587761101367852,-1.0051950650848476,-2.3455873947287142,0.24059022730714907,-2.333773673090527
1245,-4.403331465523563,-1.0956087548713753,-0.3621827094257372,0.7330070179188233,-2.4091371826182013
1246,-4.506674804013129,-1.120531820780053,1.924645878519602,0.472583763323852,-1.9252565165402697
1247,-4.550333695203467,-1.1364533427216337,1.549446112918952,0.17135049247443343,-1.6420947428777042
1248,-4.449573904593958,-1.0958212394385478,2.8507238788062774,0.10095456581068282,-1.611742899102755
1249,-4.427865994908695,-1.2648911814991897,2.311881700943004,-0.03825271588771759,-1.3635653614588412
1250,-4.402000810316708,-1.3869168785662782,0.44346345453793207,-0.22300160556273246,-1.4876160112833217
1251,-4.597269435083655,-1.6203001722611403,-1.4750383313127782,-0.001083964350026415,-1.574021005992094
1252,-4.504531361062531,-1.9173910391219764,0.5827898239028736,-0.5105563192170035,-0.8842202165775657
1253,-4.749514888644809,-2.0331739555275576,-1.0960126950361733,-0.5897107982941749,-0.6612436881277647
1254,-4.707551831553747,-2.0160242392423062,-1.0920241131284638,-1.0998605849315775,-0.4344171883104502
1255,-4.5397881726772304,-1.791949893201989,1.7306958910589336,-0.595134021725856,-0.8868827045154254
1256,-4.764450886664046,-1.9989370079004258,-1.4694496399724108,-0.985862686557821,-0.9354739375698244
1257,-4.6785921323510085,-2.1143178849008475,-1.7963531649535545,-1.2073232357054031,-0.8312947162790926
1258,-4.641360559480144,-2.047526586060163,-1.4012003514438796,-1.1705164811812347,-0.8853963590262611
1259,-4.764330835321381,-2.018268040509205,-1.1761084373827415,-1.4329163867536465,-0.4421094435164249
1260,-4.723986394999249,-2.2313749936423153,-2.279189861198204,-1.7286111271853488,-0.7621724947464812
1261,-4.675451504178425,-2.1440209814080657,-0.21904434331692713,-1.4914851323342577,-0.2734987675982288
1262,-4.778775185529386,-2.180917779110646,0.46451880071391255,-1.7730780550207395,-0.13438785885397048
1263,-4.7148605936958745,-1.4152898605554722,1.4912678943998459,-0.9145615802706349,-1.1272022303962275
1264,-4.610358178937214,-1.508880811359251,-0.6913026630818333,-0.9074067031070815,-1.292601963553714
1265,-4.818352574220348,-1.9685481499584623,-0.9063831184637399,-0.026341127498616747,-0.9200097005235697
1266,-4.707891409149031,-1.8845342835221544,1.441971380347528,-0.642949689882352,-0.6814617930249643
1267,-4.6965012779390145,-2.2935322663872193,-1.5105084930198929,-0.43877180383137304,-0.5450965962659209
1268,-4.724360909212043,-1.3161209234878608,2.236759444230362,-1.2044478140299923,-0.922184401950293
1269,-4.814284192283016,-1.6008289804588216,-2.120348909609986,-1.4589641159957523,-1.6285277219383383
1270,-4.735617983695722,-1.605151263124205,-0.2136687712731567,-0.7850963533552725,-1.4760121265314035
1271,-4.9312038520018024,-1.7169408029891589,-1.22185613281814,-0.8454788827006007,-1.3233296346185581
1272,-4.892409384349536,-1.8642453449208722,-0.1794350411339889,0.13482626122767866,-0.9992882294083377
1273,-4.818678132031545,-1.7384960978461907,-2.2124335472189642,-0.7486519395051774,-1.508361798937753
1274,-4.756520642660062,-1.7484591397985805,1.1802710965650292,0.1794158790126295,-1.3642984086184364
1275,-4.8948893989886875,-1.6687172489733793,-0.5582833150099614,-0.26164504863222077,-1.2979692504678755
1276,-4.886260924799012,-1.6379034347559966,-0.19648257320027057,-0.18545307738355876,-1.593145461416814
1277,-4.916329116986848,-1.2460318689927652,1.720214432702441,-0.5209159060721533,-1.5442323864581449
1278,-4.899289431448954,-1.4553985374443703,-2.0335151913240006,-0.45210254622007473,-1.8072625833263292
1279,-5.1431380648527485,-2.4025141211355083,-2.315860042421417,0.23321914835529595,-0.681541202479229
1280,-4.912903859594334,-2.064595994741985,2.134119364819458,-0.4573178688103309,-0.14708007437281098
1281,-5.233416024657038,-2.166925579815159,-1.837520531393069,-0.44071094348556555,-0.6624125617034906
1282,-5.221312659758563,-1.7292081499436274,0.6951591195293619,-0.17087098376248144,-0.6046943752166447
1283,-5.167287743299756,-1.8110287811033887,0.18619098686988053,0.34589315189099906,-1.0060433767954138
1284,-4.84609273491932,-1.7293519352284257,2.4392558445295576,-0.7577815475110491,-0.8278611905566362
1285,-5.061338647745031,-2.305477319095967,0.0694149400961923,-0.11472625375603025,-0.4651064460508136
1286,-5.069447110573504,-1.940505239147709,-0.12006273196547183,-1.865815347582921,-0.7396650480655235
1287,-5.199303011925921,-1.9666000200539926,-1.511006473740907,-1.7666174192505932,-0.7471165343879766
1288,-5.288282673503228,-1.9208675218104445,2.165492141731873,0.07765792695237597,-0.34511555353929163
1289,-5.27648023563382,-2.077959947003908,1.6882016555902692,0.850482848809375,-0.33304441606602336
1290,-5.363596826359961,-1.735138177147352,1.4162335019778238,-0.30053166577480983,-0.4147806089587192
1291,-5.436404684020422,-1.7552277076135532,0.8343501053895307,-0.34674297133360993,-0.6739433751571936
1292,-5.54076712113636,-1.9400712325263392,-1.2681807019398008,-0.43736902276238027,-0.7625750475932093
1293,-5.35423153881862,-1.8291329122648112,-0.41962096686374517,-0.6490850323883849,-0.34552334169830484
1294,-5.286263577376263,-1.7274469453282695,1.6350601537877871,-0.06231733975553032,-0.4779258695527656
1295,-5.416220343284526,-1.6066529854807499,-1.2237596784606786,-0.7824951883159734,-0.8260531778763779
1296,-5.420715187544901,-1.6746764362968733,-1.0309577529599239,-0.2780452192556308,-0.7480211998898818
1297,-5.326047545102046,-1.5485982505775024,0.1719849570686902,-0.3963702358618726,-1.1441004567809574
1298,-5.402840112567707,-1.3173569767833233,2.7350413003354848,0.06678729216936977,-1.0973174928692047
1299,-5.516506606815515,-1.4513789068044372,0.0006303259199527491,-0.48819715058132807,-1.115773413492345
1300,-5.427294278186242,-1.5490663452335782,-0.9768965534470225,0.10597389133064301,-1.269397848655923
1301,-5.513665465368733,-1.6689251408431125,1.2186770356818692,0.09375414110053579,-0.7630470625843186
1302,-5.44619983132282,-1.5129559953954683,2.2026602777242412,-0.09215355087049806,-0.9549170445234358
1303,-5.364551171316361,-1.8692535866215787,-0.32041853456509567,-0.48786386184511454,-0.5915755694776215
1304,-5.4681512997325905,-1.583337097756898,0.8893632068052016,-0.7008928603242792,-1.2379594354021606
1305,-5.5112113184851355,-1.7340917149423871,-1.2698891990028922,-0.3037623044527039,-0.9748050677666301
1306,-5.365868122148617,-2.107605544655863,0.9446843179218375,-0.7175138370914669,-0.7961274910675109
1307,-5.219279437362604,-2.0238958749611484,2.7012579924013767,-0.6828935398930949,-0.5580426166644892
1308,-5.415421118800088,-2.0378339143344024,2.332741938209973,-0.30051705518502997,-0.07843705284992326
1309,-5.207790633011843,-1.8198597664719436,-0.06346200458204442,-1.0034394553241899,-1.0302545029350458
1310,-5.517643514124734,-2.1233966716634174,-1.1258893950241537,0.13578556697872857,-0.2734555633829269
1311,-5.273054173197246,-2.0215524137198364,-1.369098231247608,-0.9696278100896941,-0.8750819678466578
1312,-5.31720789717036,-1.9775026520029246,0.46435540538203995,-1.035335499215033,-0.717927294769256
1313,-5.317035151216622,-1.82356762900168,2.346909317484875,-1.0205491823967174,-0.5288868308470676
1314,-5.386528786226186,-1.7908189419277103,-2.0590168644929077,-0.9459689576132576,-1.5814164735862837
1315,-5.239692239313158,-1.7153169776865507,-1.7819694624646458,-0.06777051018727562,-1.848395756195048
1316,-5.264974499539815,-1.2049179593737314,2.1335501108506962,-0.40335848253717993,-1.6901143001395014
1317,-5.243704352650374,-1.8598944906659576,-1.312522940792936,-0.9275771975452703,-1.8445990720128234
1318,-5.068518503183291,-1.6635332573201327,-0.8476379492541631,-0.9850035682340434,-1.3522733604646175
1319,-5.165341502658589,-1.9471774103375699,0.7448546758861365,0.1097316694379405,-1.3412718470789498
1320,-5.174922581353978,-1.6690197245569223,1.1062276594835598,0.16126784233983665,-1.925983809197842
1321,-5.129819761130457,-1.5562346510713847,2.131255905404582,0.023636457362669606,-1.659602042911256
1322,-5.135411742517403,-1.8886835832371653,-1.7932689465547398,0.16717822594984388,-1.548081588300304
1323,-5.1282973035504815,-1.668729268681665,1.660276526869152,-0.2010791441045277,-1.5735550465044716
1324,-5.285390305256356,-1.8930673474955582,-2.3796995672426196,-0.556721085117206,-1.4972838276339957
1325,-5.277481204680288,-1.7739701882752021,-1.2058475480680964,-1.2963299470471672,-1.383219996212072
1326,-5.209964418510384,-1.9989427850347936,-0.8325971495573311,0.17086982845162738,-1.528558510512489
1327,-5.219940205971648,-1.8259792039895426,2.0266179341015165,0.29611863455060716,-1.3469290179606606
1328,-5.573550995246634,-1.8228515927553088,-0.18145898638159616,0.8612751651332998,-1.004858500359835
1329,-5.484030760820799,-1.868225976391494,-1.04414955047372,0.7670280500026788,-1.0866455215341158
1330,-5.612622428798514,-1.6359323028789756,0.6916689127511685,0.7799816379940511,-1.345428841419137
1331,-5.33205942423522,-1.3821938426788138,-0.5316988370431942,1.0235923245766319,-2.0089328692703825
1332,-5.131151161477757,-1.0878458799411734,0.8129764311254577,0.20072555712911824,-2.3341033404168083
1333,-5.046109217151261,-1.6228513696122755,-1.7426385859562286,0.39998641298737114,-2.6531475709516457
1334,-5.551187098396349,-1.6310680440527037,-1.7249827201226473,0.680335337425792,-1.8155997735545366
1335,-5.518348522888003,-1.6262925968418733,0.5548740997756391,0.44137454621188804,-1.1475085728910306
1336,-5.426146109789634,-1.672468394658209,-0.9502714299545891,0.5588916233171649,-1.253628270711914
1337,-5.634090964209948,-1.7735733103570845,1.3496099685447194,0.6558113654156077,-1.0741058845988218
1338,-5.5606879574395744,-1.7186491078736226,-1.1348500706342284,0.2994518563771301,-1.3038033471363206
1339,-5.454334208162008,-0.8936253511837683,2.265308990775914,0.8784150947289411,-2.4578280877364462
1340,-5.320243031668298,-0.5446321332325085,2.560267255511239,1.3518007013491218,-3.149224081884604
1341,-5.594465441367419,-0.808615231674732,-0.6183122635418643,1.237172327234179,-3.1492500309172917
1342,-5.589448115393754,-1.3796602814683974,0.848588685802386,0.6381080633922367,-1.6797042462968401
1343,-5.546074960249715,-1.2738360448266464,-1.2002473534468494,-0.7876287927427243,-1.9841116023510794
1344,-5.557130231074181,-1.5124517825897479,-0.02496246682187079,0.27628402037482325,-1.6283775883783342
1345,-5.603664702405756,-1.3633762698231344,0.576991021272661,0.239606177139464,-1.943872137439185
1346,-5.646450672683422,-1.3595416626428145,-1.340047400789421,0.9383308922967191,-2.396674060424173
1347,-5.701951060469404,-1.2936087644115768,0.14564157992923038,1.4757652827763255,-2.3347754031462555
1348,-5.407674589499626,-1.2139708259106536,-0.7409171340840914,0.8711271231879452,-2.6295896244558876
1349,-5.58525531768139,-1.0540743876665524,2.910992379256123,1.2535474315567312,-2.013942974715922
1350,-5.5918663753350275,-1.1888733372097142,-1.1528590873152476,-0.19391135963870618,-2.3688180485273067
1351,-5.494450870098806,-1.1456318658078648,0.9839592548516378,0.5965565240073675,-1.8953178046103902
1352,-5.641792703987818,-1.4185291739110004,0.680658798118683,1.2577463116066547,-2.259558306762377
1353,-5.5649509281927205,-1.841535187138211,-0.8315147906987338,1.3636502444292036,-1.8305269911742854
1354,-5.48312331263438,-1.5606025479219436,0.43498850724258936,1.004932201147406,-1.9891807673621669
1355,-5.342609160496672,-1.446541125100382,1.8061583172289188,0.4878711557938118,-1.6206773305957898
1356,-5.249369482929953,-1.5805702087079103,1.8323422443403594,0.7380913605304457,-1.6921241538287122
1357,-5.464561893074068,-1.5803335900896371,1.1290948562174827,0.8423534736543857,-1.6665541955419347
1358,-5.310760410489282,-1.5995272976839847,-1.0619073658460896,1.1074649761572626,-2.066776753517327
1359,-5.6665409789719146,-1.422725193972301,1.7175070108961228,0.7976356579786136,-1.606265982858496
1360,-5.30208512894764,-1.5738165275977316,0.07791218673194299,0.5392655603813723,-2.653847444336299
1361,-5.745707697406212,-1.8156341205619644,0.1165740697009659,1.105922507929163,-2.567570370011573
1362,-5.400960568298485,-0.421775655211312,1.7519482254283771,0.9597635817351734,-2.3010903498130064
1363,-5.3180424138242115,0.7575709650313117,-0.8266842234846276,0.6325564810092982,-2.15429126554089
1364,-5.0745505967221565,0.613424488111785,0.28106649005217677,0.8452608306070609,-2.2042340606133597
1365,-5.307012703425793,0.43642783746999086,-0.9448216327739662,1.0596267374006612,-1.6499583125963944
1366,-4.964404567990978,0.7842313796842859,-0.5118627866089099,1.5052861153147128,-2.043571655670582
1367,-5.079243756194512,1.3811125486200846,0.5260779923659104,1.5968278655366004,-2.188925832256791
1368,-5.029548073095509,1.5527474069386604,1.4764417661254507,1.4203238102568172,-1.6357931611694478
1369,-4.940402386279859,1.6938071329606241,-0.3591388841830683,1.2625666443709829,-1.9403728293400386
1370,-4.904654014346727,1.776981416812623,-1.2008402353513763,0.7444504651081415,-1.7052203087723086
1371,-4.897700174003307,1.9457041492872926,-0.545777936121396,0.6562258940897402,-1.1571303777954933
1372,-5.031450816364849,2.6672093418773057,0.29312276206534016,1.9904651693948694,-1.2319383956072143
1373,-4.972849457610183,2.1917612854517006,-0.3509650052892325,1.6773508397184633,-1.0951400936606965
1374,-4.644393002577099,2.546902890886562,0.21417645346173467,0.8708015959013818,-1.3823104503184467
1375,-4.9584036125651165,2.815455407133289,-0.5694978810030764,0.9127778653566048,-1.4261512218530377
1376,-4.878972994277443,2.9125733111554406,-0.8172683577167613,1.19955433959005,-1.7471470651523318
1377,-4.8509973789092244,2.365548089867247,-0.5247035969908738,0.8517594859412504,-0.2616840116319141
1378,-4.9586585911971826,2.2649671207568876,-1.549421625815304,0.9872069788445771,-0.4467470121170228
1379,-4.60111826016889,2.583537928144095,-0.05310088644952946,0.8344945696318621,-0.7083562845859335
1380,-4.59944176964552,2.995429781418545,1.425464011622472,1.6871258479449067,-0.968142094791483
1381,-4.734202319795042,3.0485862892387177,0.20982712034077178,1.178305221847617,-0.6326332344460749
1382,-4.806673354424357,3.0278790297257117,-0.3173371429147587,0.9707209151106726,-0.8521106597117267
1383,-4.554716773317724,3.293772225525538,0.08768456234166065,0.8898993380229558,-0.7707191706760799
1384,-4.688857084905459,3.34208517813382,0.13143723679612837,1.0842391123603907,-0.7177985679838558
1385,-4.720222583130911,3.0240716072600105,-1.9523384008317024,0.4586244470424403,-0.6804128992325668
1386,-4.798240200372777,2.904727912187316,0.1574321432016966,2.028456799742164,-0.3840086805386515
1387,-4.829920160326403,3.1023868961494876,0.5631877948436482,1.232536832939154,-0.19251136965800558
1388,-4.841469872470562,3.2054848994570726,-0.8632423778231703,0.9388044568399845,-0.5714717931486948
1389,-4.773288791277893,3.135228547407793,-1.658594410884286,1.1940910890065815,-0.373617803837624
1390,-4.684169857700447,3.3472378981126014,1.461362958340736,1.3940616720964232,-0.045039041995243737
1391,-4.771541323932133,3.5766138510532652,1.5928786486713828,1.1205556945748616,-0.24729164332720505
1392,-4.8521155354274645,3.2166074994322904,-2.579558624536832,1.4776720117997586,-0.4580890902109277
1393,-4.869764406443989,3.4359056543049356,0.12472585776056039,1.055767506096565,0.06741166155670514
1394,-4.591682394671831,3.5387569590155126,-0.5855094195685278,1.343613800174706,-0.22084368204417887
1395,-4.741119564626236,3.543650891841058,-1.4928041091480668,0.8364791035228738,-0.3513512538505818
1396,-4.8348201670185835,3.0731021519027473,-1.0978816379025944,1.395073068779284,0.40645585734262424
1397,-4.6582202199364025,3.443876260000302,0.397572403048911,0.34486731471956344,0.261745703660002
1398,-4.858411615154991,3.1548367948026943,-0.12746712869119517,1.415574418060711,0.6723438174792467
1399,-4.579148490771038,3.6660882930550205,-0.9282602529827753,1.2139362420908715,-0.2947098974211177
1400,-4.672783754292804,3.6525592372743287,-2.136123104043529,1.4015384188644067,-0.5417855395254387
1401,-4.610148970722238,3.7034401178696528,1.3368212735194052,2.1208932133468243,0.07277983340520428
1402,-4.5862168575242395,3.376999801714126,-1.2282343971655523,1.2658451435095894,0.2923668361923043
1403,-4.432829234736738,3.3793851547921685,1.0640137254385589,1.8288748835673998,0.2338723487797452
1404,-4.699986386449531,3.523423504982617,-0.9701602373332954,1.534625524366524,-0.14277527883678925
1405,-4.444273899874944,3.589605225648294,-1.5027570426033867,0.8189707041696335,0.048254968506787566
1406,-4.625575006082852,3.64613782519625,0.22274682853409292,1.2823272615427035,0.026002860622849223
1407,-4.513980735525223,3.8228506192058265,0.32081971755484623,0.25985772827365045,0.06598829034000472
1408,-4.530876653197938,3.6665073111969324,-0.07000568088602345,1.1473792288217328,0.4643846895324751
1409,-4.464236357046955,3.6114288192460995,-1.788626721538836,0.7146531679840907,0.08832436692366592
1410,-4.5017147479562025,3.784791858991177,1.2490857173635275,0.9661618428186445,0.09043522828161851
1411,-4.5022599434773545,3.4514214682299933,1.0052402155956106,2.3562976493530194,0.11797860416552892
1412,-4.562858262188114,3.5902963710468248,-0.4999940167925617,1.2406227082711023,0.2870691524900857
1413,-4.475917855669718,3.6647994006361113,0.6129523771005827,1.228281188802362,0.1092608750340418
1414,-4.583148540066235,3.425270619805047,-1.5427587514104528,1.222908820721176,-0.060773109067416835
1415,-4.632553532076192,3.5496700107245394,0.5889448117336803,0.6472752977301175,0.43649854424733087
1416,-4.643818839226881,3.5947136893675316,0.59274775787647,0.7591695647995265,0.2928053514542515
1417,-4.612804931936916,3.9277115621339007,0.9682531699915027,0.4330472245570075,0.5314722459424874
1418,-4.548334334360317,3.936883671022417,1.578862559269122,0.8052716811217031,0.10669344720385716
1419,-4.495361860344157,3.749440131301914,0.46762108501881866,0.8069530034104397,0.6572017602540192
1420,-4.607646757432665,3.953123053975069,2.0909336193937427,0.5739752842378527,0.8901279843707419
1421,-4.759198925098355,3.8547738293321823,1.5694700112054052,-0.16213083883820037,0.441390228204209
1422,-4.827873592958863,3.545767906364151,-1.7619471070915056,0.6920532991017014,0.8884118250564708
1423,-5.306984337390725,5.182937756353092,2.501170209892186,3.835842757586712,1.8501435455885678
1424,-4.827015737295079,3.7112074280854093,-0.5558182849464104,0.8997484525577515,0.5942163819509224
1425,-4.851866461965135,3.7355756778841043,-0.019915157326513416,0.4859645934252366,0.6316928436597437
1426,-4.898290711248066,3.391242182301403,-1.467868333900611,0.7094630764259501,0.7967001689614573
1427,-4.631779335477058,3.6500429463488597,0.7462970334675362,0.09445640717036535,0.8819887688754986
1428,-4.699774047687308,3.807950876145057,0.9085073320143187,0.019731417997746428,0.571667903646381
1429,-4.790424565598211,3.3746821158601916,-0.29202015921394286,1.0303161575226254,0.5632438728740625
1430,-4.785456969383988,3.3971035353775076,0.5750961491614747,0.596466639800248,1.3456686873697288
1431,-4.78745004983116,3.622070129440002,1.423475920813396,-0.21904808193762362,1.1863676656940947
1432,-4.861862124756979,3.365042170364515,-1.6707995754943616,-0.005935530952375547,0.7540198280781688
1433,-4.970006695720702,3.4193106593377562,-0.19586694084394615,0.1891451737842785,0.944108147264917
1434,-4.959248408843497,3.3857595637507356,-0.6908205089711801,0.6382008938437143,0.8448281495711173
1435,-4.944813564231546,3.641735298763663,1.6713515747558312,-0.23874241894051013,1.261070531218367
1436,-5.008094056750299,3.5377827955558083,-0.002366815586803752,-0.12861800705017892,1.236927249165333
1437,-5.1213371941208665,3.2236555167456538,0.05843917411454552,0.3822040156783248,1.7446814368467785
1438,-5.078335521397082,3.3256934314809663,-1.2103603422893492,-0.1908549354637799,1.2177373970948338
1439,-5.113220909850485,3.036093579931283,-0.13975678220043905,0.23898976877966596,1.5080834310020148
1440,-5.076209056114681,3.2945968339914,0.5680966180045011,0.22403355537905045,1.4630324081250186
1441,-5.133047354089421,3.381999806963433,1.1668024329259366,0.40418982033734907,1.652057688839361
1442,-5.300246199784185,3.2625571957531663,-1.080624863986405,-0.0482165354059908,1.2602271709177633
1443,-5.359118472827954,3.32815891006071,-2.6168701568656845,-0.002410765073677163,0.7667336981562659
1444,-5.242364796220983,3.481998324990772,-1.8192160646030457,0.39104951785304487,0.5716285957649473
1445,-5.273540705374083,3.4972289730344612,-1.221745949772765,0.42140483115277005,0.6672451985072735
1446,-5.348393463887729,3.333814599411411,-0.25488947903735704,0.1545569862423171,1.1959569999205233
1447,-5.456150243585655,3.1353182781076843,-1.2627396255397976,0.3371688730981624,1.1558048461609336
1448,-5.367795098467776,3.2774270883492287,-1.6159510815288367,-0.7625984376099577,1.0534251976838573
1449,-5.508988940322962,3.3168820622957056,-2.0475292753306067,-0.31634145776244216,0.9291712527216015
1450,-5.360131713673094,3.5807026022674133,0.8497847719633072,-0.7727477480703773,1.094894156719517
1451,-5.465518512773957,3.177295424484808,0.34307571118125924,-0.6606193128294868,1.8210740568206911
1452,-5.342636023293553,3.1435093004054333,0.7435370722065537,-0.4427706434368543,1.8768493425530295
1453,-5.385570838224874,2.9302186838539095,0.24648822571583728,-0.3920893055847159,1.5906081910136092
1454,-5.378351214518039,2.8873000516634937,-0.9968852025798206,-0.1602847900025803,1.530654399727093
1455,-5.514925696763418,3.1409382650144986,-0.21599072245650588,-0.5212340287763354,1.7459243616763849
1456,-5.5114166659992545,3.3249455942447117,0.1627256088282208,-0.11161214823314143,1.1239807908556885
1457,-5.453434907909461,3.3542294801553862,-1.1930395162986012,-0.6627103799870068,0.8489082818442111
1458,-5.3907424783051265,3.373240457584822,1.0523067651069076,0.10576730347734126,1.606602970461532
1459,-5.451483074780815,3.4604724424881907,-0.3401567227398871,-0.45264250362123987,1.2422380548300056
1460,-5.427830151006356,3.30185429090883,0.0570916088671988,0.09579747079355036,1.3079328776331391
1461,-5.344944558286651,3.3683622555320882,1.1098841191685944,0.4805423082896574,1.215595197185285
1462,-5.440767841560886,3.1933424869181244,-1.3506977559707418,-0.3382379120004172,1.3828036359884663
1463,-5.563367857765712,3.1705746911152946,-0.07582158653586199,-0.01932222938522794,1.3889100747429288
1464,-5.468285666641789,3.2894445245557797,-1.5447725468321514,-1.0280039590669168,1.2280386292176166
1465,-5.395173996318742,3.32157286741469,1.0650326073687755,0.03288078607867359,1.2686411961584763
1466,-5.337500773191844,3.194776313475208,-1.8345055760498263,-0.24546469176598112,1.0095225953675908
1467,-5.394965880788026,3.1270968957018552,-1.4099313187598064,-0.040297167100994354,1.2763236624220458
1468,-5.322252458602165,3.131675863584479,-1.5640062983386651,-0.2787121397765671,1.3023699944396099
1469,-5.426542093593925,3.1057128318853993,-1.4834646630121275,-0.05911183244793211,1.0462889936700883
1470,-5.4341785821268775,2.7405652489920707,-1.5218556741244897,-0.5053091603408618,2.0485162493728133
1471,-5.520499589865067,2.833250929136147,-0.7361805337470744,-0.5044730232267612,2.060862594079042
1472,-5.4035078739668885,3.1159972482874703,0.8518770854893198,-0.13676873416376084,1.5828511517907973
1473,-5.420713731801751,2.8822228107304393,-2.222635353926647,0.5455107469372191,1.5007907452287381
1474,-5.573678015442973,2.9981976333717455,-0.8448605796683109,0.9667959177279635,1.3227102955684984
1475,-5.534159481755425,3.3729245249984765,1.6039611492584116,0.11668503806984017,1.4354568173009656
1476,-5.463650647485634,3.2384583989700655,1.4338579954193869,0.8395150850349992,1.2469560922116572
1477,-5.460638599095875,3.490347746894335,-0.7214487227193146,-0.729692350698365,0.9004821209116789
1478,-5.447766216114429,3.412764957100637,1.159573995179719,-0.14123694047088217,0.9721719311128387
1479,-5.41117686345263,3.131893070729347,1.279728375330886,1.2016063228956178,1.247068329394917
1480,-5.43583106154462,3.511741723359076,0.7431752665837165,0.23758200965733225,0.6840183984463553
1481,-5.468971168075141,3.1869418753841146,-1.0654231581795248,-0.27887936963167315,1.0483891144140296
1482,-5.482967733729606,3.01124585932516,-1.8367792858331096,0.264698969256787,1.0211373109844384
1483,-5.60191056345464,2.7824855892986475,-2.1392015676724996,0.3138021782335998,1.5048273234328882
1484,-5.621541181592622,3.1317641761851522,-0.7934693984440107,0.8216138642844047,1.1325466428329787
1485,-5.578624358610029,3.126584936847156,-2.173093661290248,-0.1172516641212962,0.8987184576038507
1486,-5.540235575417787,3.195689200273671,1.9107403425873202,0.4023714853339464,1.7383431015751385
1487,-5.631230178818925,3.1159848252129274,0.012846634020143417,0.8854204287870826,1.475237588771199
1488,-5.564971970410632,3.1383472163866344,1.0499893612479707,0.5368079174105748,1.1499046945644005
1489,-5.54974255874163,2.8158229187264348,-2.525012691629174,0.9832041201248495,0.7499697732361883
1490,-5.5039654670233045,3.031120774928657,-1.2567761333234682,0.6697943859564075,1.0585011385965462
1491,-5.608709221124599,3.0916157778857793,0.8055888127335649,1.0009204670999832,1.046895269812457
1492,-5.489734616435991,3.318182896770995,-0.21388949456340264,0.1661998672833093,0.7961746398800487
1493,-5.509718015656437,3.3240948085808317,0.7173975595716943,0.6250534271239262,0.9542799180213474
1494,-5.648786671298589,3.249064954689846,0.5509974097646197,1.022448782679476,0.9792167358545157
1495,-5.695397256077252,3.175322867404126,0.3335748079084739,1.6976962103887365,0.8723063281559132
1496,-5.512770741510457,3.253357868588649,1.2857211791683463,1.2733607489763035,1.0740602520038598
1497,-5.568705125977691,3.175223336043386,-0.14232586829805294,0.6593119657266723,0.9163621346341088
1498,-5.6792220014834855,3.0741924473941755,-2.466403724676101,0.170401501006289,0.8877832107473544
1499,-5.6244697547021,3.2671476638797308,1.1595283981954392,0.6544705268400055,0.7466658317456396
1500,-5.647618367133102,3.525487028999717,0.48539422351637057,0.47672612479813276,0.3900696810697132
1501,-5.6072000441008765,3.5895251986462196,-0.13245300076969815,0.51021808982826,0.06897899354349896
1502,-5.607787556546258,3.4532100143770137,-1.0512551159696424,0.24097825497107012,0.5518582798986983
1503,-5.762031237965846,3.14628778719208,-1.6403970375029264,0.43133486299046553,0.7708498490906894
1504,-5.664538320937042,3.107621362530865,-0.021344045011744674,0.49742217049010096,1.0887941940736132
1505,-5.630708308785774,3.343720293770631,-0.4530330448562824,1.0225939597586613,0.9029811735120887
1506,-5.7962835230098575,3.243337574410524,-0.09352131136133919,1.5498930231548584,1.050797564545585
1507,-5.827362133587438,3.3110289319401476,-0.1577988189301434,0.4023939820339415,0.9752917627666036
1508,-5.802969365190555,3.4045076344972585,-0.03133420949484206,0.16948656165647763,0.9899301222220936
1509,-5.77046739149681,3.2311490678462005,-1.3099219983937345,0.4316888259998355,0.8716543201532302
1510,-5.873325010715288,3.2745229673755154,0.5054984347277247,0.8164817389637159,0.9360430977165346
1511,-5.819640153089349,3.364068142051639,-0.5227435418613635,1.1910988084905745,0.6141435817171326
1512,-5.878040254059734,3.5992197434106217,0.042700747036524996,0.8912266764552017,0.3972130620975892
1513,-5.823233549960253,3.6114868650175382,-0.005476248273560969,0.735678173291657,0.1509067759297085
1514,-5.923871779780725,3.78206983075378,0.24665605373887853,0.6041605536282904,0.3333847750385921
1515,-5.985325536489113,3.7010990435741347,-0.022274637100048688,0.6388864876583377,0.23336838926926465
1516,-6.028867216732586,3.2694754230897964,-0.4843803803540679,0.7656890665278588,0.6587102777089706
1517,-5.974774484554272,3.202258583053914,-1.003332143216913,0.9238474899350573,0.36570928159512023
1518,-5.9889809515826,3.253954093726373,0.04560171830503703,1.114473494210261,0.44675454828458766
1519,-6.1547768483614185,2.7580236487834355,-1.3635117927129248,0.525978694654846,0.7064350438818928
1520,-5.978571847302486,2.483319852370312,-0.7717940668325048,1.1461844343705236,1.3268243910681223
1521,-6.11699582192168,2.6714658182796196,-0.22858290985219734,-0.15799415263765718,1.3822688420967615
1522,-6.022040732752808,2.750771255910346,0.6268621270432164,0.7475384660198874,1.149689123838077
1523,-6.081086509807411,2.7188919928500064,0.1484704129070459,-0.09777062572217757,1.0636849217180018
1524,-6.116896648106659,2.5298609875810736,0.7329989994487764,0.9645617537843707,1.1903084019216952
1525,-6.223353270100867,2.7404237835614245,-0.3878114391902889,-0.10267608731729043,1.1678037271982928
1526,-6.207798437806499,2.5861888123216867,0.1648334684372245,0.5334523711198443,0.5760312848200563
1527,-6.181506930237142,2.427026848127039,0.06366735128488415,0.9903419204124988,0.8722042061114791
1528,-6.10393807361657,2.533372001766339,-0.8382392218596932,0.681816065205136,0.5886713105482269
1529,-6.248153210412593,2.616072949177251,-0.07865360308670064,0.6312331347621049,0.792857469097728
1530,-6.346788892963647,2.307161921865222,-0.3014165075758936,1.6736161255644066,0.9695767920785943
1531,-6.314633712938778,2.594347283557652,0.4987303093990124,1.299357921747242,0.8263637362291535
1532,-6.306257445396423,2.709043219939124,-0.04886617158307892,0.4778778748661008,0.9482071319578778
1533,-6.373882547989583,2.543677626602894,0.10796112506741617,0.9732382557571165,0.9759859442904197
1534,-6.30848937981187,2.44890451957498,0.052270492256419235,1.6111263980901225,0.5581817100601306
1535,-6.376131250401763,2.3884313294340473,-0.07809872015745975,1.1864540300570061,0.5402442193034024
1536,-6.393881670050028,2.412004985936521,-0.36697046975836495,0.767304616542051,0.5044683029081385
1537,-6.25708036133937,2.28559027188486,-0.015219042840718795,0.6886814556124027,1.0454464192075061
1538,-6.444226995379715,2.277532867728932,0.16269752517690103,0.8115947929144046,0.6888218994329078
1539,-6.46222682093759,2.167540522998283,-0.3634514412361097,0.988449506476028,0.980868695473784
1540,-6.35382359396577,2.3352361085728006,-0.14555801219629466,0.5459549578914478,0.4961210826349762
1541,-6.6284411922562665,2.3089372480701367,-0.5102637687923386,1.410144156300356,0.4469381169589293
1542,-6.593280114954037,2.407887588437935,-0.09037871626143955,0.5668728487335268,0.7214111542378925
1543,-6.568792472653372,2.2113275627436693,-0.14897286365016893,1.0740206730668145,0.500701446926824
1544,-6.626460551873767,2.252945463325385,-0.0035409708635851505,0.6246798471046698,0.4230081691394218
1545,-6.7142800336302795,2.3609382669675516,-0.07001012443193019,0.2789489435803904,0.9242521149249979
1546,-6.742992731170729,2.4052257750482138,-0.6007685767584515,0.13464629711279483,0.5444335041503776
1547,-6.635249068032012,2.3727124993377497,0.42654413901567945,1.1108955382536205,0.35874924036529005
1548,-6.658843530348936,2.1763707231032723,-0.5440883411211762,1.6528536331133608,0.566068232987343
1549,-6.705763196828463,2.3547821678335135,0.3404187597048032,0.9776174516540518,0.5893159765274154
1550,-6.609154018390986,2.435022742653682,0.22594958698557505,0.9432473254330371,0.40587298863134297
1551,-6.690346331984716,2.219322826602915,-0.3243741677350863,1.4283386155913,0.3065301555018086
1552,-6.816958190576799,2.084113955231401,0.07904204763302408,1.402273707829459,0.6283108681313816
1553,-7.0607463199773575,1.8645976226126406,-0.6006532857163568,1.1985123860950726,1.156071495390865
1554,-6.966434600735016,1.8036121206337954,0.5336265249412081,0.44339827571867313,1.272924332864515
1555,-7.05804458597316,1.6541967204785673,0.011605098779411164,0.06958068214745697,1.686274911404187
1556,-7.027846466085113,1.6175769218474483,-0.7776655635957413,0.059052191756294885,1.486017221933471
1557,-6.990264632805333,1.6609743220229787,-0.3578995131133041,-0.42211694522969434,1.9047542792653567
1558,-6.972948639800658,1.7487412790486183,-0.20337183021177568,-0.33557919434687833,1.1787922917745197
1559,-7.102029984377204,1.7433962986690983,0.2849319890185797,0.4841117671424168,1.4565357986613077
1560,-6.982067097090923,2.269317422562717,-0.529989832883403,0.41440757325784305,0.1368649789334564
1561,-7.179155737296289,2.363523353359601,-0.7236945529321289,0.5487979240855728,0.5717208653446778
1562,-7.105244662796271,2.365283234732759,-0.12206635539486231,1.235801183166247,0.14571560125733307
1563,-7.207646594057614,2.364516847895415,-0.2790946953740007,1.121477369387017,0.39183317965969233
1564,-7.192156860638059,2.29926534186748,0.3411058201723795,0.9751846969795867,0.7341533762242087
1565,-7.296887042759824,2.1623623109579873,-0.14139350558451547,1.1362908749814782,0.7447500708707475
1566,-7.281034263269482,2.213931862501688,-0.7770536554617683,0.5788261129337121,0.4115417276609856
1567,-7.1472509027514635,2.2940886160483367,0.007050969905850202,0.6203700633122307,0.25598276991401164
1568,-7.21895052198099,2.3203108426740346,-0.08368368873546371,0.07981829426340226,0.49390395413793836
1569,-7.328099281771352,2.072017612152029,-0.2526763812859042,0.7545631065611714,0.4700832856818027
1570,-7.3622311958644735,2.106568475494099,-0.41688449667174443,0.22236202145754547,0.47874213149960243
